<?xml version="1.0" encoding="utf-8"?>
<!DOCTYPE hibernate-mapping PUBLIC "-//Hibernate/Hibernate Mapping DTD 3.0//EN"
"http://hibernate.sourceforge.net/hibernate-mapping-3.0.dtd">
<!-- 
    Mapping file autogenerated by MyEclipse Persistence Tools
-->
<hibernate-mapping>
    <class name="com.bienCloud.platform.po.TAccount" table="t_account"  where="is_delete = 0">
        <id name="id" type="java.lang.Integer">
            <column name="id" />
            <generator class="native" />
        </id>
        <property name="accountCode" type="java.lang.String">
            <column name="account_code" length="80" />
        </property>
        <property name="name" type="java.lang.String">
            <column name="name" length="80" />
        </property>
        <property name="password" type="java.lang.String">
            <column name="password" length="80" />
        </property>
        <property name="contacts" type="java.lang.String">
            <column name="contacts" length="100" />
        </property>
        <property name="balance" type="java.lang.Double">
            <column name="balance" precision="22" scale="0" />
        </property>
        <property name="validDate" type="java.lang.String">
            <column name="valid_date" length="20" />
        </property>
        <property name="safeCode" type="java.lang.String">
            <column name="safe_code" length="200" />
        </property>
        <property name="addtime" type="java.sql.Timestamp">
            <column name="addtime" length="19" />
        </property>
        <property name="updateTime" type="java.sql.Timestamp">
            <column name="update_time" length="19" />
        </property>
        <property name="state" type="java.lang.Integer">
            <column name="state" />
        </property>
         <many-to-one name="company" class="com.bienCloud.platform.po.TCompany" >
            <column name="company_id" />
        </many-to-one>
        
        <property name="isDelete" type="java.lang.Integer">
            <column name="is_delete" length="1"/>
        </property>                  
    </class>
</hibernate-mapping>
