<?xml version="1.0" encoding="utf-8"?>
<!DOCTYPE hibernate-mapping PUBLIC "-//Hibernate/Hibernate Mapping DTD 3.0//EN"
"http://hibernate.sourceforge.net/hibernate-mapping-3.0.dtd">
<!-- 
    Mapping file autogenerated by MyEclipse Persistence Tools
-->
<hibernate-mapping>
    <class name="com.bienCloud.platform.po.TActivityDetail" table="t_activity_detail" >
        <id name="id" type="java.lang.Integer">
            <column name="id" />
            <generator class="identity" />
        </id>
         <property name="accountCode" type="java.lang.String">
            <column name="account_code" length="80" />
        </property>
        <property name="itemName" type="java.lang.String">
            <column name="item_name" length="80" />
        </property>
        <property name="price" type="java.lang.Double" >
            <column name="price" precision="22" scale="0" />
        </property>        
        <property name="priceUnit" type="java.lang.String">
            <column name="price_unit" />
        </property>        
        <property name="num" type="java.lang.Integer">
            <column name="num" />
        </property>         
        <property name="useTime" type="java.lang.Double">
            <column name="use_time" precision="22" scale="0" />
        </property>
        <property name="amount" type="java.lang.Double" >
            <column name="amount" precision="22" scale="0" />
        </property>
        <property name="activityDate" type="java.lang.String">
            <column name="activity_date" length="7"/>
        </property>
        <property name="remark" type="java.lang.String">
            <column name="remark" length="300" />
        </property>             
        <many-to-one name="userOrder" class="com.bienCloud.platform.po.TUserOrderService">
        	<column name="user_order_id"></column>
        </many-to-one>
        <many-to-one name="tradeRecord" class="com.bienCloud.platform.po.TTradeRecord">
        	<column name="trade_id"></column>
        </many-to-one>        
    </class>
</hibernate-mapping>
