<?xml version="1.0" encoding="utf-8"?>
<!DOCTYPE hibernate-mapping PUBLIC "-//Hibernate/Hibernate Mapping DTD 3.0//EN"
"http://hibernate.sourceforge.net/hibernate-mapping-3.0.dtd">
<!-- 
    Mapping file autogenerated by MyEclipse Persistence Tools
-->
<hibernate-mapping>
    <class name="com.bienCloud.platform.po.TAlipayReturnInfo" table="t_alipay_return_info" >
        <id name="id" type="java.lang.Integer">
            <column name="id" />
            <generator class="identity" />
        </id>
        <property name="tradeNo" type="java.lang.String">
            <column name="trade_no" length="64" />
        </property>
        <property name="outTradeNo" type="java.lang.String">
            <column name="out_trade_no" length="80" />
        </property>
        <property name="price" type="java.lang.String">
            <column name="price" length="50" />
        </property>
        <property name="subject" type="java.lang.String">
            <column name="subject" length="200" />
        </property>
        <property name="body" type="java.lang.String">
            <column name="body" length="65535" />
        </property>
        <property name="buyerEmail" type="java.lang.String">
            <column name="buyer_email" length="100" />
        </property>
        
        <property name="tradeStatus" type="java.lang.String">
            <column name="trade_status" length="50" />
        </property>
        <property name="ip" type="java.lang.String">
            <column name="ip" length="30" />
        </property>
        <property name="addtime" type="java.sql.Timestamp">
            <column name="addtime" length="19" />
        </property>
        
    </class>
</hibernate-mapping>
