<?xml version="1.0" encoding="utf-8"?>
<!DOCTYPE hibernate-mapping PUBLIC "-//Hibernate/Hibernate Mapping DTD 3.0//EN"
"http://hibernate.sourceforge.net/hibernate-mapping-3.0.dtd">
<!-- 
    Mapping file autogenerated by MyEclipse Persistence Tools
-->
<hibernate-mapping>
    <class name="com.bienCloud.platform.po.TApi" table="t_api" >
        <id name="id" type="java.lang.Integer">
            <column name="id" />
            <generator class="native" />
        </id>
        <property name="method" type="java.lang.String">
            <column name="method" length="100" />
        </property>
        <property name="url" type="java.lang.String">
            <column name="url" length="300" />
        </property>
        <property name="wsMethod" type="java.lang.String">
            <column name="ws_method" length="100" />
        </property>
        <property name="code" type="java.lang.String">
            <column name="code" length="100" />
        </property>        
        <property name="type" type="java.lang.Integer">
            <column name="type" />
        </property>
        <property name="remark" type="java.lang.String">
            <column name="remark" length="500" />
        </property>        
    </class>
</hibernate-mapping>
