<?xml version="1.0" encoding="utf-8"?>
<!DOCTYPE hibernate-mapping PUBLIC "-//Hibernate/Hibernate Mapping DTD 3.0//EN"
"http://hibernate.sourceforge.net/hibernate-mapping-3.0.dtd">
<!-- 
    Mapping file autogenerated by MyEclipse Persistence Tools
-->
<hibernate-mapping>
    <class name="com.bienCloud.platform.po.TChargesItem" table="t_charges_item" >
        <id name="id" type="java.lang.Integer">
            <column name="id" />
            <generator class="identity" />
        </id>
        <property name="serviceCode" type="java.lang.String">
            <column name="service_code" length="80" />
        </property>        
        <property name="itemName" type="java.lang.String">
            <column name="item_name" length="80" />
        </property>
        <property name="type" type="java.lang.Integer">
            <column name="type" />
        </property>
         <property name="state" type="java.lang.Integer">
            <column name="state" />
        </property>
        <property name="remark" type="java.lang.String">
            <column name="remark" length="80" />
        </property>        
    </class>
</hibernate-mapping>
