<?xml version="1.0" encoding="utf-8"?>
<!DOCTYPE hibernate-mapping PUBLIC "-//Hibernate/Hibernate Mapping DTD 3.0//EN"
"http://hibernate.sourceforge.net/hibernate-mapping-3.0.dtd">
<!-- 
    Mapping file autogenerated by MyEclipse Persistence Tools
-->
<hibernate-mapping>
    <class name="com.bienCloud.platform.po.TChargesStrategy" table="t_charges_strategy" >
        <id name="id" type="java.lang.Integer">
            <column name="id" />
            <generator class="identity" />
        </id>
        <property name="chargeMode" type="java.lang.Integer">
            <column name="charge_mode" />
        </property>
        <property name="price" type="java.lang.Double">
            <column name="price" precision="22" scale="0" />
        </property>
        <property name="discount" type="java.lang.Double">
            <column name="discount" precision="22" scale="0" />
        </property>
        <property name="disStartTime" type="java.util.Date">
            <column name="dis_start_time" length="19" />
        </property>
        <property name="disEndTime" type="java.util.Date">
            <column name="dis_end_time" length="19" />
        </property>
        <property name="addtime" type="java.util.Date">
            <column name="addtime" length="19" />
        </property>
        <property name="updateTime" type="java.util.Date">
            <column name="update_time" length="19" />
        </property>
        <property name="updateUser" type="java.lang.String">
            <column name="update_user" length="50" />
        </property>
        <many-to-one name="chargesItem" class="com.bienCloud.platform.po.TChargesItem">
        	<column name="item_id"></column>
        </many-to-one>
    </class>
</hibernate-mapping>
