<?xml version="1.0" encoding="utf-8"?>
<!DOCTYPE hibernate-mapping PUBLIC "-//Hibernate/Hibernate Mapping DTD 3.0//EN"
"http://hibernate.sourceforge.net/hibernate-mapping-3.0.dtd">
<!-- 
    Mapping file autogenerated by MyEclipse Persistence Tools
-->
<hibernate-mapping>
    <class name="com.bienCloud.platform.po.TCompany" table="t_company" where="is_delete = 0" >
        <id name="id" type="java.lang.Integer">
            <column name="id" />
            <generator class="identity" />
        </id>
        <property name="companyCode" type="java.lang.String">
            <column name="company_code"/>
        </property>
        <property name="name" type="java.lang.String">
            <column name="name" length="80" />
        </property>
        <property name="contact" type="java.lang.String">
            <column name="contact" length="30" />
        </property>
        <property name="mobilephone" type="java.lang.String">
            <column name="mobilephone" length="20" />
        </property>
        <property name="telephone" type="java.lang.String">
            <column name="telephone" length="20" />
        </property>
        <property name="fax" type="java.lang.String">
            <column name="fax" length="20" />
        </property>
        <property name="email" type="java.lang.String">
            <column name="email" length="100" />
        </property>
        <property name="site" type="java.lang.String">
            <column name="site" length="300" />
        </property>
        <property name="address" type="java.lang.String">
            <column name="address" length="100" />
        </property>
        <property name="postalNo" type="java.lang.String">
            <column name="postal_no" length="20" />
        </property>
        <property name="content" type="java.lang.String">
            <column name="content" length="500" />
        </property>
        <property name="isDelete" type="java.lang.Integer">
            <column name="is_delete" length="1"/>
        </property>               
    </class>
</hibernate-mapping>
