<?xml version="1.0" encoding="utf-8"?>
<!DOCTYPE hibernate-mapping PUBLIC "-//Hibernate/Hibernate Mapping DTD 3.0//EN"
"http://hibernate.sourceforge.net/hibernate-mapping-3.0.dtd">
<!-- 
    Mapping file autogenerated by MyEclipse Persistence Tools
-->
<hibernate-mapping>
    <class name="com.bienCloud.platform.po.TFreezeMoney" table="t_freeze_money" >
        <id name="id" type="java.lang.Integer">
            <column name="id" />
            <generator class="native" />
        </id>
        <property name="accountId" type="java.lang.Integer">
            <column name="account_id"></column>
        </property>
        <property name="accountCode" type="java.lang.String">
            <column name="account_code" length="80" />
        </property>
        <property name="freezeAmount" type="java.lang.Double">
            <column name="freeze_amount" precision="22" scale="0" />
        </property>
        <property name="expectHour" type="java.lang.Integer">
            <column name="expect_hour"></column>
        </property>       
        <property name="actualHour" type="java.lang.Integer">
            <column name="actual_hour"></column>
        </property>               
        <property name="num" type="java.lang.Integer">
            <column name="num"></column>
        </property>   
        <property name="ticketCode" type="java.lang.String">
            <column name="ticket_code" length="80" />
        </property>
        <property name="freezeTime" type="java.sql.Timestamp">
            <column name="freeze_time" length="19" />
        </property>
        <property name="state" type="java.lang.Integer">
            <column name="state" />
        </property>
        <property name="updateTime" type="java.sql.Timestamp">
            <column name="update_time" length="19" />
        </property>      
        <property name="appCode" type="java.lang.String">
            <column name="app_code" length="80" />
        </property>          
        <many-to-one name="user" class="com.bienCloud.platform.po.TUser" fetch="select" lazy="false">
        	<column name="user_id"></column>
        </many-to-one>      
        <many-to-one name="chargesItem" class="com.bienCloud.platform.po.TChargesItem" fetch="select">
        	<column name="item_id"></column>
        </many-to-one>          
        <many-to-one name="orderService" class="com.bienCloud.platform.po.TUserOrderService" fetch="select">
        	<column name="order_service_id"></column>
        </many-to-one>             
    </class>
</hibernate-mapping>
