<?xml version="1.0" encoding="utf-8"?>
<!DOCTYPE hibernate-mapping PUBLIC "-//Hibernate/Hibernate Mapping DTD 3.0//EN"
"http://hibernate.sourceforge.net/hibernate-mapping-3.0.dtd">
<!-- 
    Mapping file autogenerated by MyEclipse Persistence Tools
-->
<hibernate-mapping>
    <class name="com.bienCloud.platform.po.TGroupUser" table="t_group_user">
        <id name="id" type="java.lang.Integer">
            <column name="id" />
            <generator class="identity" />
        </id>
        <many-to-one name="TUser" class="com.bienCloud.platform.po.TUser" fetch="select">
            <column name="user_id" not-null="true" />
        </many-to-one>
        <many-to-one name="TGroup" class="com.bienCloud.platform.po.TGroup" fetch="select">
            <column name="group_id" not-null="true" />
        </many-to-one>
    </class>
</hibernate-mapping>
