<?xml version="1.0" encoding="utf-8"?>
<!DOCTYPE hibernate-mapping PUBLIC "-//Hibernate/Hibernate Mapping DTD 3.0//EN"
"http://hibernate.sourceforge.net/hibernate-mapping-3.0.dtd">
<!-- 
    Mapping file autogenerated by MyEclipse Persistence Tools
-->
<hibernate-mapping>
    <class name="com.bienCloud.platform.po.TGroup" table="t_group" where="is_delete = 0">
        <id name="id" type="java.lang.Integer">
            <column name="id" />
            <generator class="identity" />
        </id>
        <property name="code" type="java.lang.String">
            <column name="code" />
        </property>        
        <many-to-one name="TCompany" class="com.bienCloud.platform.po.TCompany" fetch="select">
            <column name="company_id" />
        </many-to-one>
        <property name="name" type="java.lang.String">
            <column name="name" length="45" not-null="true" />
        </property>
        <property name="pgroupId" type="java.lang.Integer">
            <column name="pgroup_id" not-null="true">
                <comment>父组织ID</comment>
            </column>
        </property>
        <property name="isDelete" type="java.lang.Integer" >
            <column name="is_delete" not-null="true"  />
        </property>
        <set name="TGroupUsers" inverse="true">
            <key>
                <column name="group_id" not-null="true" />
            </key>
            <one-to-many class="com.bienCloud.platform.po.TGroupUser" />
        </set>
        <set name="TGroupRoles" inverse="true">
            <key>
                <column name="group_id" not-null="true" />
            </key>
            <one-to-many class="com.bienCloud.platform.po.TGroupRole" />
        </set>
    </class>
</hibernate-mapping>
