<?xml version="1.0" encoding="utf-8"?>
<!DOCTYPE hibernate-mapping PUBLIC "-//Hibernate/Hibernate Mapping DTD 3.0//EN"
"http://hibernate.sourceforge.net/hibernate-mapping-3.0.dtd">
<!-- 
    Mapping file autogenerated by MyEclipse Persistence Tools
-->
<hibernate-mapping>
    <class name="com.bienCloud.platform.po.TLogConfigMapping" table="t_log_config_mapping">
        <id name="id" type="java.lang.Integer">
            <column name="id" />
            <generator class="assigned" />
        </id>
        <property name="key" type="java.lang.String">
            <column name="key" length="30" />
        </property>
        <property name="title" type="java.lang.String">
            <column name="title" length="40">
                <comment>中文名</comment>
            </column>
        </property>
        <property name="type" type="java.lang.Integer">
            <column name="type">
                <comment>映射的类型（1：动作，2：实体）</comment>
            </column>
        </property>
    </class>
</hibernate-mapping>
