<?xml version="1.0" encoding="utf-8"?>
<!DOCTYPE hibernate-mapping PUBLIC "-//Hibernate/Hibernate Mapping DTD 3.0//EN"
"http://hibernate.sourceforge.net/hibernate-mapping-3.0.dtd">
<!-- Mapping file autogenerated by MyEclipse Persistence Tools -->
<hibernate-mapping>
	<class name="com.bienCloud.platform.po.TLog" table="t_log"
		catalog="platform">
		<id name="id" type="java.lang.String">
			<column name="id" length="40" />
			<generator class="assigned" />
		</id>
		<property name="clazz" type="java.lang.String">
			<column name="clazz" length="200" />
		</property>
		<property name="method" type="java.lang.String">
			<column name="method" length="100" />
		</property>
		<property name="createTime" type="java.lang.String">
			<column name="create_time" length="20" />
		</property>
		<property name="level" type="java.lang.String">
			<column name="level" length="50" />
		</property>
		<property name="cost" type="java.lang.Integer">
			<column name="cost" />
		</property>
		<property name="detail" type="java.lang.String">
			<column name="detail" length="4000" />
		</property>
		<property name="user" type="java.lang.String">
			<column name="user" length="30" />
		</property>
	</class>
</hibernate-mapping>
