<?xml version="1.0" encoding="utf-8"?>
<!DOCTYPE hibernate-mapping PUBLIC "-//Hibernate/Hibernate Mapping DTD 3.0//EN"
"http://hibernate.sourceforge.net/hibernate-mapping-3.0.dtd">
<!-- 
    Mapping file autogenerated by MyEclipse Persistence Tools
-->
<hibernate-mapping>
    <class name="com.bienCloud.platform.po.TLogConfigService" table="t_log_config_service">
        <id name="id" type="java.lang.Integer">
            <column name="id" />
            <generator class="assigned" />
        </id>
        <property name="clazz" type="java.lang.String">
            <column name="clazz" length="100" not-null="true" />
        </property>
        <property name="method" type="java.lang.String">
            <column name="method" length="50" not-null="true" />
        </property>
        <property name="title" type="java.lang.String">
            <column name="title" length="100" />
        </property>
        <property name="describe" type="java.lang.String">
            <column name="describe" length="200" />
        </property>
        <set name="TLogConfigFields" inverse="true">
            <key>
                <column name="sid" />
            </key>
            <one-to-many class="com.bienCloud.platform.po.TLogConfigField" />
        </set>
    </class>
</hibernate-mapping>
