<?xml version="1.0" encoding="utf-8"?>
<!DOCTYPE hibernate-mapping PUBLIC "-//Hibernate/Hibernate Mapping DTD 3.0//EN"
"http://hibernate.sourceforge.net/hibernate-mapping-3.0.dtd">
<!-- 
    Mapping file autogenerated by MyEclipse Persistence Tools
-->
<hibernate-mapping>
    <class name="com.bienCloud.platform.po.TLogConfigField" table="t_log_config_field">
        <id name="id" type="java.lang.Integer">
            <column name="id" />
            <generator class="assigned" />
        </id>
        <many-to-one name="TLogConfigService" class="com.bienCloud.platform.po.TLogConfigService" fetch="select">
            <column name="sid" />
        </many-to-one>
        <property name="field" type="java.lang.String">
            <column name="field" length="100" />
        </property>
        <property name="title" type="java.lang.String">
            <column name="title" length="100" />
        </property>
        <property name="type" type="java.lang.Integer">
            <column name="type">
                <comment>1：参数，2：返回结果</comment>
            </column>
        </property>
        <property name="describe" type="java.lang.String">
            <column name="describe" length="200" />
        </property>
    </class>
</hibernate-mapping>
