<?xml version="1.0" encoding="utf-8"?>
<!DOCTYPE hibernate-mapping PUBLIC "-//Hibernate/Hibernate Mapping DTD 3.0//EN"
"http://hibernate.sourceforge.net/hibernate-mapping-3.0.dtd">
<!-- 
    Mapping file autogenerated by MyEclipse Persistence Tools
-->
<hibernate-mapping>
    <class name="com.bienCloud.platform.po.TMonthBalance" table="t_month_balance" catalog="platform">
        <id name="id" type="java.lang.Integer">
            <column name="id" />
            <generator class="identity" />
        </id>
        <property name="term" type="java.lang.String">
            <column name="term" length="10" />
        </property>
        <property name="amount" type="java.lang.Double">
            <column name="amount" precision="22" scale="0" />
        </property>
        <property name="bankId" type="java.lang.Integer">
            <column name="bank_id" />
        </property>
    </class>
</hibernate-mapping>
