<?xml version="1.0" encoding="utf-8"?>
<!DOCTYPE hibernate-mapping PUBLIC "-//Hibernate/Hibernate Mapping DTD 3.0//EN"
"http://hibernate.sourceforge.net/hibernate-mapping-3.0.dtd">
<!-- 
    Mapping file autogenerated by MyEclipse Persistence Tools
-->
<hibernate-mapping>
    <class name="com.bienCloud.platform.po.TNotifyStrategy" table="t_notify_strategy" >
        <id name="id" type="java.lang.Integer">
            <column name="id" />
            <generator class="identity" />
        </id>
        <property name="code" type="java.lang.String">
            <column name="code" length="80" />
        </property>
        <property name="name" type="java.lang.String">
            <column name="name" length="80" />
        </property>        
        <property name="beforeDays" type="java.lang.Integer">
            <column name="before_days" />
        </property>
        <property name="afterDays" type="java.lang.Integer">
            <column name="after_days" />
        </property>
        <property name="deleteDays" type="java.lang.Integer">
            <column name="delete_days" />
        </property>                
        <property name="afterDeleteDays" type="java.lang.Integer">
            <column name="after_delete_days" />
        </property>                        
        <property name="notifyMode" type="java.lang.Integer">
            <column name="notify_mode" />
        </property>    
        <property name="updateTime" type="java.sql.Timestamp">
            <column name="update_time" length="19" />
        </property>
        <property name="remark" type="java.lang.String">
            <column name="remark" length="300" />
        </property>                  
    </class>
</hibernate-mapping>
