<?xml version="1.0" encoding="utf-8"?>
<!DOCTYPE hibernate-mapping PUBLIC "-//Hibernate/Hibernate Mapping DTD 3.0//EN"
"http://hibernate.sourceforge.net/hibernate-mapping-3.0.dtd">
<!-- 
    Mapping file autogenerated by MyEclipse Persistence Tools
-->
<hibernate-mapping>
    <class name="com.bienCloud.platform.po.TOrder" table="t_order" >
        <id name="id" type="java.lang.Integer">
            <column name="id" />
            <generator class="identity" />
        </id>
        <property name="userId" type="java.lang.Integer">
            <column name="user_id" />
        </property>
        <property name="orderNo" type="java.lang.String">
            <column name="order_no" length="20" />
        </property>
        <property name="itemId" type="java.lang.Integer">
            <column name="item_id" />
        </property>
        <property name="state" type="java.lang.Integer">
            <column name="state" />
        </property>
        <property name="remark" type="java.lang.String">
            <column name="remark" length="200" />
        </property>
        <property name="addtime" type="java.sql.Timestamp">
            <column name="addtime" length="19" />
        </property>
    </class>
</hibernate-mapping>
