<?xml version="1.0" encoding="utf-8"?>
<!DOCTYPE hibernate-mapping PUBLIC "-//Hibernate/Hibernate Mapping DTD 3.0//EN"
"http://hibernate.sourceforge.net/hibernate-mapping-3.0.dtd">
<!-- 
    Mapping file autogenerated by MyEclipse Persistence Tools
-->
<hibernate-mapping>
    <class name="com.bienCloud.platform.po.TOweRecord" table="t_owe_record" catalog="platform">
        <id name="id" type="java.lang.Integer">
            <column name="id" />
            <generator class="identity" />
        </id>
        <property name="type" type="java.lang.Integer">
            <column name="type" />
        </property>
        <property name="content" type="java.lang.String">
            <column name="content" length="300" />
        </property>
        <property name="changeTime" type="java.sql.Timestamp">
            <column name="change_time" length="19" />
        </property>
        <many-to-one name="account" class="com.bienCloud.platform.po.TAccount" fetch="select">
            <column name="account_id" />
        </many-to-one>        
    </class>
</hibernate-mapping>
