<?xml version="1.0" encoding="utf-8"?>
<!DOCTYPE hibernate-mapping PUBLIC "-//Hibernate/Hibernate Mapping DTD 3.0//EN"
"http://hibernate.sourceforge.net/hibernate-mapping-3.0.dtd">
<!-- 
    Mapping file autogenerated by MyEclipse Persistence Tools
-->
<hibernate-mapping>
    <class name="com.bienCloud.platform.po.TPermissionType" table="t_permission_type" catalog="platform">
        <id name="typeCode" type="java.lang.String">
            <column name="type_code" length="4" />
            <generator class="identity" />
        </id>
        <property name="typeName" type="java.lang.String">
            <column name="type_name" length="40" not-null="true">
                <comment>权限类型名称</comment>
            </column>
        </property>
    </class>
</hibernate-mapping>
