<?xml version="1.0" encoding="utf-8"?>
<!DOCTYPE hibernate-mapping PUBLIC "-//Hibernate/Hibernate Mapping DTD 3.0//EN"
"http://hibernate.sourceforge.net/hibernate-mapping-3.0.dtd">
<!-- 
    Mapping file autogenerated by MyEclipse Persistence Tools
-->
<hibernate-mapping>
    <class name="com.bienCloud.platform.po.TPermission" table="t_permission" where="is_delete = 0">
        <id name="id" type="java.lang.Integer">
            <column name="id" />
            <generator class="identity" />
        </id>
        <property name="code" type="java.lang.String">
            <column name="code" length="10">
                <comment>权限代码</comment>
            </column>
        </property>
        <property name="name" type="java.lang.String">
            <column name="name" length="45">
                <comment>权限名称</comment>
            </column>
        </property>
        <property name="type" type="java.lang.String">
            <column name="type" length="15">
                <comment>权限类型</comment>
            </column>
        </property>
        <property name="parameter" type="java.lang.String">
            <column name="parameter" length="45">
                <comment>权限参数</comment>
            </column>
        </property>
        <property name="platform" type="java.lang.String">
            <column name="platform" length="10" />
        </property>
        <property name="isDelete" type="java.lang.Integer">
            <column name="is_delete" />
        </property>
        <set name="TRolePermissions" inverse="true">
            <key>
                <column name="permission_id" not-null="true" />
            </key>
            <one-to-many class="com.bienCloud.platform.po.TRolePermission" />
        </set>
    </class>
</hibernate-mapping>
