<?xml version="1.0" encoding="utf-8"?>
<!DOCTYPE hibernate-mapping PUBLIC "-//Hibernate/Hibernate Mapping DTD 3.0//EN"
"http://hibernate.sourceforge.net/hibernate-mapping-3.0.dtd">
<!-- 
    Mapping file autogenerated by MyEclipse Persistence Tools
-->
<hibernate-mapping>
    <class name="com.bienCloud.platform.po.TPurchaseHistory" table="t_purchase_history"  >
        <id name="id" type="java.lang.Integer">
            <column name="id" />
            <generator class="identity" />
        </id>
        <property name="accountId" type="java.lang.Integer">
            <column name="account_id" />
        </property>
        <property name="accountCode" type="java.lang.String">
            <column name="account_code" length="80" />
        </property>
        <property name="amount" type="java.lang.Double">
            <column name="amount" precision="22" scale="0" />
        </property>
        <property name="orderNo" type="java.lang.String">
            <column name="order_no" length="20" />
        </property>
        <property name="state" type="java.lang.Integer">
            <column name="state" />
        </property>
        <property name="accountBalance" type="java.lang.Double">
            <column name="account_balance" precision="22" scale="0" />
        </property>
        <property name="remark" type="java.lang.String">
            <column name="remark" length="200" />
        </property>
        <property name="ip" type="java.lang.String">
            <column name="ip" length="20" />
        </property>
        <property name="tradeTime" type="java.sql.Timestamp">
            <column name="trade_time" length="19" />
        </property>
    </class>
</hibernate-mapping>
