<?xml version="1.0" encoding="utf-8"?>
<!DOCTYPE hibernate-mapping PUBLIC "-//Hibernate/Hibernate Mapping DTD 3.0//EN"
"http://hibernate.sourceforge.net/hibernate-mapping-3.0.dtd">
<!-- 
    Mapping file autogenerated by MyEclipse Persistence Tools
-->
<hibernate-mapping>
    <class name="com.bienCloud.platform.po.TRecharge" table="t_recharge">
        <id name="id" type="java.lang.Integer">
            <column name="id" />
            <generator class="identity" />
        </id>
        <property name="amount" type="java.lang.Double">
            <column name="amount" precision="22" scale="0" />
        </property>
        <property name="orderNo" type="java.lang.String">
            <column name="order_no" length="100" />
        </property>        
        <property name="state" type="java.lang.Integer">
            <column name="state" />
        </property>
        <property name="rechageType" type="java.lang.Integer">
            <column name="rechage_type" />
        </property>
       
        <property name="rechargeTime" type="java.sql.Timestamp">
            <column name="recharge_time" length="19" />
        </property>
          <property name="addTime" type="java.sql.Timestamp">
            <column name="addTime" length="19" />
        </property>
        <property name="userId" type="java.lang.Integer">
            <column name="user_id" />
        </property>
        <property name="tradeNo" type="java.lang.String">
            <column name="trade_no" length="100" />
        </property>
        <property name="remark" type="java.lang.String">
            <column name="remark" length="200" />
        </property>
    </class>
</hibernate-mapping>
