<?xml version="1.0" encoding="utf-8"?>
<!DOCTYPE hibernate-mapping PUBLIC "-//Hibernate/Hibernate Mapping DTD 3.0//EN"
"http://hibernate.sourceforge.net/hibernate-mapping-3.0.dtd">
<!-- 
    Mapping file autogenerated by MyEclipse Persistence Tools
-->
<hibernate-mapping>
    <class name="com.bienCloud.platform.po.TRole" table="t_role" where="is_delete = 0">
        <id name="id" type="java.lang.Integer">
            <column name="id" />
            <generator class="identity" />
        </id>
        <many-to-one name="TCompany" class="com.bienCloud.platform.po.TCompany" fetch="select">
            <column name="company_id">
                <comment>01 : 管理平台，02 ： PAAS，03:IAAS</comment>
            </column>
        </many-to-one>
        <property name="code" type="java.lang.String">
            <column name="code" length="10" not-null="true" />
        </property>
        <property name="name" type="java.lang.String">
            <column name="name" length="30" not-null="true" />
        </property>
        <property name="isDelete" type="java.lang.Integer">
            <column name="is_delete" not-null="true" />
        </property>
        <set name="TUserRoles" inverse="true">
            <key>
                <column name="role_id" not-null="true" />
            </key>
            <one-to-many class="com.bienCloud.platform.po.TUserRole" />
        </set>
        <set name="TGroupRoles" inverse="true">
            <key>
                <column name="role_id" not-null="true" />
            </key>
            <one-to-many class="com.bienCloud.platform.po.TGroupRole" />
        </set>
        <set name="TRolePermissions" inverse="true">
            <key>
                <column name="role_id" not-null="true" />
            </key>
            <one-to-many class="com.bienCloud.platform.po.TRolePermission" />
        </set>
    </class>
</hibernate-mapping>
