<?xml version="1.0" encoding="utf-8"?>
<!DOCTYPE hibernate-mapping PUBLIC "-//Hibernate/Hibernate Mapping DTD 3.0//EN"
"http://hibernate.sourceforge.net/hibernate-mapping-3.0.dtd">
<!-- 
    Mapping file autogenerated by MyEclipse Persistence Tools
-->
<hibernate-mapping>
    <class name="com.bienCloud.platform.po.TRolePermission" table="t_role_permission">
        <id name="id" type="java.lang.Integer">
            <column name="id" />
            <generator class="identity" />
        </id>
        <many-to-one name="TPermission" class="com.bienCloud.platform.po.TPermission" fetch="select">
            <column name="permission_id" not-null="true" />
        </many-to-one>
        <many-to-one name="TRole" class="com.bienCloud.platform.po.TRole" fetch="select">
            <column name="role_id" not-null="true" />
        </many-to-one>
    </class>
</hibernate-mapping>
