<?xml version="1.0" encoding="utf-8"?>
<!DOCTYPE hibernate-mapping PUBLIC "-//Hibernate/Hibernate Mapping DTD 3.0//EN"
"http://hibernate.sourceforge.net/hibernate-mapping-3.0.dtd">
<!-- 
    Mapping file autogenerated by MyEclipse Persistence Tools
-->
<hibernate-mapping>
    <class name="com.bienCloud.platform.po.TSequence" table="t_sequence" catalog="platform">
        <id name="keyName" type="java.lang.String">
            <column name="key_name" length="24"/>
        </id>
        <property name="keyValue" type="java.lang.Long">
            <column name="key_value" length="20" />
        </property>
    </class>
</hibernate-mapping>
