<?xml version="1.0" encoding="utf-8"?>
<!DOCTYPE hibernate-mapping PUBLIC "-//Hibernate/Hibernate Mapping DTD 3.0//EN"
"http://hibernate.sourceforge.net/hibernate-mapping-3.0.dtd">
<!-- 
    Mapping file autogenerated by MyEclipse Persistence Tools
-->
<hibernate-mapping>
    <class name="com.bienCloud.platform.po.TStrategyLog" table="t_strategy_log">
        <id name="id" type="java.lang.Integer">
            <column name="id" />
            <generator class="identity" />
        </id>
        <property name="strategyId" type="java.lang.Integer">
            <column name="strategy_id" />
        </property>
        <property name="updateUserId" type="java.lang.Integer">
            <column name="update_user_id" />
        </property>
        <property name="updateUserName" type="java.lang.String">
            <column name="update_user_name" length="50" />
        </property>
        <property name="updateTime" type="java.sql.Timestamp">
            <column name="update_time" length="19" />
        </property>
        <property name="content" type="java.lang.String">
            <column name="content" length="500" />
        </property>
    </class>
</hibernate-mapping>
