<?xml version="1.0" encoding="utf-8"?>
<!DOCTYPE hibernate-mapping PUBLIC "-//Hibernate/Hibernate Mapping DTD 3.0//EN"
"http://hibernate.sourceforge.net/hibernate-mapping-3.0.dtd">
<!-- 
    Mapping file autogenerated by MyEclipse Persistence Tools
-->
<hibernate-mapping>
    <class name="com.bienCloud.platform.po.TSysVariables" table="t_sys_variables" >
        <id name="id" type="java.lang.Integer">
            <column name="id" />
            <generator class="identity" />
        </id>
        <property name="code" type="java.lang.String">
            <column name="code" length="50" not-null="true">
                <comment>代码</comment>
            </column>
        </property>
        <property name="name" type="java.lang.String">
            <column name="name" length="50" not-null="true">
                <comment>名称</comment>
            </column>
        </property>
        
         <property name="value" type="java.lang.String">
            <column name="value" length="50" >
                <comment>变量的值</comment>
            </column>
        </property>
        
        <property name="level" type="java.lang.Integer">
            <column name="level">
                <comment>级别</comment>
            </column>
        </property>
        <property name="num" type="java.lang.Integer">
            <column name="num">
                <comment>排序号</comment>
            </column>
        </property>
        <property name="parentId" type="java.lang.Integer">
            <column name="parent_id" />
        </property>
        <property name="remark" type="java.lang.String">
            <column name="remark" length="300" />
        </property>
    </class>
</hibernate-mapping>
