<?xml version="1.0" encoding="utf-8"?>
<!DOCTYPE hibernate-mapping PUBLIC "-//Hibernate/Hibernate Mapping DTD 3.0//EN"
"http://hibernate.sourceforge.net/hibernate-mapping-3.0.dtd">
<!-- 
    Mapping file autogenerated by MyEclipse Persistence Tools
-->
<hibernate-mapping>
    <class name="com.bienCloud.platform.po.TTemplate" table="t_template" catalog="platform">
        <id name="id" type="java.lang.Integer">
            <column name="id" />
            <generator class="assigned" />
        </id>
        <property name="name" type="java.lang.String">
            <column name="name" length="80" not-null="true">
                <comment>模板名称</comment>
            </column>
        </property>
        <property name="type" type="java.lang.Integer">
            <column name="type" not-null="true">
                <comment>模板类型，1：email，2：sms</comment>
            </column>
        </property>
        <property name="title" type="java.lang.String">
            <column name="title" length="100" not-null="true">
                <comment>主题</comment>
            </column>
        </property>
        <property name="content" type="java.lang.String">
            <column name="content" length="65535" not-null="true">
                <comment>模块内容</comment>
            </column>
        </property>
        <property name="attachment" type="java.lang.String">
            <column name="attachment" length="300">
                <comment>附件路径</comment>
            </column>
        </property>
        <property name="remark" type="java.lang.String">
            <column name="remark" length="65535">
                <comment>模块备注</comment>
            </column>
        </property>
        <property name="isDelete" type="java.lang.Integer">
            <column name="is_delete" not-null="true">
                <comment>记录状态标记，0：未删除 1：删除</comment>
            </column>
        </property>
    </class>
</hibernate-mapping>
