<?xml version="1.0" encoding="utf-8"?>
<!DOCTYPE hibernate-mapping PUBLIC "-//Hibernate/Hibernate Mapping DTD 3.0//EN"
"http://hibernate.sourceforge.net/hibernate-mapping-3.0.dtd">
<!-- 
    Mapping file autogenerated by MyEclipse Persistence Tools
-->
<hibernate-mapping>
    <class name="com.bienCloud.platform.po.TTenpayReturn" table="t_tenpay_return"  >
        <id name="id" type="java.lang.Integer">
            <column name="id" />
            <generator class="identity" />
        </id>
        <property name="notifyId" type="java.lang.String">
            <column name="notify_id" length="100" />
        </property>
        <property name="outTradeNo" type="java.lang.String">
            <column name="out_trade_no" length="80" />
        </property>
        <property name="transactionId" type="java.lang.String">
            <column name="transaction_id" length="80" />
        </property>
        <property name="totalFee" type="java.lang.String">
            <column name="total_fee" length="30" />
        </property>
        <property name="discount" type="java.lang.String">
            <column name="discount" length="10" />
        </property>
        <property name="tradeState" type="java.lang.String">
            <column name="trade_state" length="10" />
        </property>
        <property name="tradeMode" type="java.lang.String">
            <column name="trade_mode" length="10" />
        </property>
        <property name="addtime" type="java.sql.Timestamp">
            <column name="addtime" length="19" />
        </property>
    </class>
</hibernate-mapping>
