<?xml version="1.0" encoding="utf-8"?>
<!DOCTYPE hibernate-mapping PUBLIC "-//Hibernate/Hibernate Mapping DTD 3.0//EN"
"http://hibernate.sourceforge.net/hibernate-mapping-3.0.dtd">
<!-- 
    Mapping file autogenerated by MyEclipse Persistence Tools
-->
<hibernate-mapping>
    <class name="com.bienCloud.platform.po.TTradeRecord" table="t_trade_record" >
        <id name="id" type="java.lang.Integer">
            <column name="id" />
            <generator class="identity" />
        </id>
        <many-to-one name="account" class="com.bienCloud.platform.po.TAccount" fetch="select">
            <column name="account_id" />        
        </many-to-one>
        <property name="amount" type="java.lang.Double" >
            <column name="amount" precision="22" scale="0" />
        </property>
        <property name="orderNo" type="java.lang.String">
            <column name="order_no" length="20" />
        </property>
        <property name="state" type="java.lang.Integer">
            <column name="state" />
        </property>        
        <property name="type" type="java.lang.Integer">
            <column name="type" />
        </property>
        <property name="comment" type="java.lang.String">
            <column name="comment" length="200" />
        </property>    
        <property name="ip" type="java.lang.String">
            <column name="ip" length="20" />
        </property>               
        <property name="tradeTime" type="java.sql.Timestamp">
            <column name="trade_time" length="19" />
        </property>
    </class>
</hibernate-mapping>
