<?xml version="1.0" encoding="utf-8"?>
<!DOCTYPE hibernate-mapping PUBLIC "-//Hibernate/Hibernate Mapping DTD 3.0//EN"
"http://hibernate.sourceforge.net/hibernate-mapping-3.0.dtd">
<!-- 
    Mapping file autogenerated by MyEclipse Persistence Tools
-->
<hibernate-mapping>
    <class name="com.bienCloud.platform.po.TUser" table="t_user" where="is_delete = 0">
        <id name="id" type="java.lang.Integer">
            <column name="id" />
            <generator class="identity" />
        </id>
        <many-to-one name="company" class="com.bienCloud.platform.po.TCompany" fetch="select">
            <column name="company_id" />
        </many-to-one>
        <many-to-one name="account" class="com.bienCloud.platform.po.TAccount" fetch="select">
            <column name="account_id" />
        </many-to-one>
        <property name="code" type="java.lang.String">
            <column name="code" length="80" />
        </property>
        <property name="name" type="java.lang.String">
            <column name="name" length="80" />
        </property>
        <property name="password" type="java.lang.String">
            <column name="password" length="80" />
        </property>
        <property name="signInCount" type="java.lang.Integer">
            <column name="sign_in_count" />
        </property>
        <property name="type" type="java.lang.Integer">
            <column name="type" />
        </property>
        <property name="currentSignTime" type="java.sql.Timestamp">
            <column name="current_sign_time" length="19" />
        </property>
        <property name="lastSignTime" type="java.sql.Timestamp">
            <column name="last_sign_time" length="19" />
        </property>
        <property name="currentSignIp" type="java.lang.String">
            <column name="current_sign_ip" length="20" />
        </property>
        <property name="lastSignIp" type="java.lang.String">
            <column name="last_sign_ip" length="20" />
        </property>
        <property name="state" type="java.lang.Integer">
            <column name="state" />
        </property>
        <property name="email" type="java.lang.String">
            <column name="email" length="100" />
        </property>
        <property name="activationCode" type="java.lang.String">
            <column name="activation_code" length="50" />
        </property>
        <property name="activationTime" type="java.sql.Timestamp">
            <column name="activation_time" length="19" />
        </property>
        <property name="cellphone" type="java.lang.String">
            <column name="cellphone" length="20"/>
        </property>
        <property name="addtime" type="java.sql.Timestamp">
            <column name="addtime" length="19" />
        </property>
        <property name="isDelete" type="java.lang.Integer">
            <column name="is_delete" length="1"/>
        </property>        
    </class>
</hibernate-mapping>
