<?xml version="1.0" encoding="utf-8"?>
<!DOCTYPE hibernate-mapping PUBLIC "-//Hibernate/Hibernate Mapping DTD 3.0//EN"
"http://hibernate.sourceforge.net/hibernate-mapping-3.0.dtd">
<!-- 
    Mapping file autogenerated by MyEclipse Persistence Tools
-->
<hibernate-mapping>
    <class name="com.bienCloud.platform.po.TUserOrderService" table="t_user_order_service" catalog="platform">
        <id name="id" type="java.lang.Integer">
            <column name="id" />
            <generator class="identity" />
        </id>
        <many-to-one name="user" class="com.bienCloud.platform.po.TUser" fetch="select">
            <column name="user_id">
                <comment>用户ID</comment>
            </column>
        </many-to-one>
        <many-to-one name="chargesItem" class="com.bienCloud.platform.po.TChargesItem" fetch="select">
            <column name="item_id">
                <comment>项目ID</comment>
            </column>
        </many-to-one>
        <many-to-one name="app" class="com.bienCloud.cloudstore.po.TApp" fetch="select">
            <column name="app_id">
                <comment>应用ID</comment>
            </column>
        </many-to-one>
        <property name="startTime" type="java.sql.Timestamp">
            <column name="start_time" length="19">
                <comment>开始时间</comment>
            </column>
        </property>
        <property name="endTime" type="java.sql.Timestamp">
            <column name="end_time" length="19">
                <comment>结束时间</comment>
            </column>
        </property>
        <property name="state" type="java.lang.Integer">
            <column name="state">
                <comment>服务状态：0正常，1过期，2删除</comment>
            </column>
        </property>
        <property name="appState" type="java.lang.Integer">
            <column name="app_state">
                <comment>应用状态：0正常（运行），1空闲（删除），2停止</comment>
            </column>
        </property>
        <property name="notifyState" type="java.lang.Integer">
            <column name="notify_state">
                <comment>通知状态：0未通知，1提前通知，2到期通知，3过期通知，4删除通知，5已删除通知</comment>
            </column>
        </property>
        <property name="addtime" type="java.sql.Timestamp">
            <column name="addtime" length="19">
                <comment>创建时间</comment>
            </column>
        </property>
        <property name="updateTime" type="java.sql.Timestamp">
            <column name="update_time" length="19">
                <comment>更新时间</comment>
            </column>
        </property>
        <property name="resourceId" type="java.lang.String">
            <column name="resource_id" length="80">
                <comment>应用资源ID</comment>
            </column>
        </property>
        <property name="type" type="java.lang.Integer">
            <column name="type">
                <comment>类型 1:PAAS,2:IAAS,3:SAAS,4:云商店</comment>
            </column>
        </property>
        <property name="resultJson" type="java.lang.String">
            <column name="result_json" length="65535">
                <comment>购买成功的返回结果，JSON格式，eg:{:status=&gt;0,:msg=&gt;\\\"创建成功\\\",:data=&gt;{:depend_msg=&gt;[\\\"提示消息1\\\",\\\"提示消息2\\\"],
                :app_msg=&gt;{:app_url=&gt;\\\"应用的url地址\\\", :name=&gt;\\\"应用名称\\\", :git_url=&gt;\\\"应用的git地址\\\",:framework=&gt;\\\"所属的应用沙盒\\\" }\\n</comment>
            </column>
        </property>
        <property name="isDelete" type="java.lang.Integer">
            <column name="is_delete">
                <comment>记录状态标记，0：未删除 1：删除</comment>
            </column>
        </property>
    </class>
</hibernate-mapping>
