<?xml version="1.0" encoding="utf-8"?>
<!DOCTYPE hibernate-mapping PUBLIC "-//Hibernate/Hibernate Mapping DTD 3.0//EN"
"http://hibernate.sourceforge.net/hibernate-mapping-3.0.dtd">
<!-- 
    Mapping file autogenerated by MyEclipse Persistence Tools
-->
<hibernate-mapping>
    <class name="com.bienCloud.platform.po.TWarn" table="t_warn">
        <id name="id" type="java.lang.Integer">
            <column name="id" />
            <generator class="identity" />
        </id>
        <property name="name" type="java.lang.String">
            <column name="name" length="80" />
        </property>
        <property name="level" type="java.lang.Integer">
            <column name="level" />
        </property>        
        <property name="content" type="java.lang.String">
            <column name="content" length="500" />
        </property>
        <property name="warnTime" type="java.sql.Timestamp">
            <column name="warn_time" length="19" />
        </property>        
        <property name="state" type="java.lang.Integer">
            <column name="state" />
        </property>
        <property name="disposeResult" type="java.lang.String">
            <column name="dispose_result" length="300" />
        </property>
        <property name="isDelete" type="java.lang.Integer">
            <column name="is_delete" length="1"/>
        </property>    
        <many-to-one name="disposeUser" class="com.bienCloud.platform.po.TUser" fetch="select">
            <column name="dispose_user_id" />
        </many-to-one>            
    </class>
</hibernate-mapping>
