<?xml version="1.0" encoding="UTF-8"?>
<mappings>
	<mapping>
		<method name="freezeMoney">
			<parameter index="0" mappedName="userCode" />
			<parameter index="1" mappedName="serviceCode" />
			<parameter index="2" mappedName="hour" />
			<parameter index="3" mappedName="num" />
			<parameter index="4" mappedName="serType" />
			<parameter index="5" mappedName="verificationCode" />
			<return-type componentType="java.lang.String" />
		</method>
		<method name="freezeMoney2">
			<parameter index="0" mappedName="userCode" />
			<parameter index="1" mappedName="serviceCode" />
			<parameter index="2" mappedName="hour" />
			<parameter index="3" mappedName="num" />
			<parameter index="4" mappedName="serType" />
			<parameter index="5" mappedName="appCode" />
			<parameter index="6" mappedName="verificationCode" />
			<return-type componentType="java.lang.String" />
		</method>		
		<method name="payByTicketCode">
			<parameter index="0" mappedName="userCode" />
			<parameter index="1" mappedName="ticketCode" />
			<parameter index="2" mappedName="appId" />
			<parameter index="3" mappedName="verificationCode" />
			<return-type componentType="java.lang.String" />
		</method>
		<method name="unFreezeMoney">
			<parameter index="0" mappedName="userCode" />
			<parameter index="1" mappedName="ticketCode" />
			<parameter index="2" mappedName="verificationCode" />
			<return-type componentType="java.lang.String" />
		</method>
		<method name="getPrice">
			<parameter index="0" mappedName="serType" />
			<parameter index="1" mappedName="verificationCode" />
			<return-type componentType="java.lang.String" />
		</method>
		<method name="getPriceByCode">
			<parameter index="0" mappedName="serviceCode" />
			<parameter index="1" mappedName="verificationCode" />
			<return-type componentType="java.lang.String" />
		</method>
		<method name="serviceIsAvailable">
			<parameter index="0" mappedName="userCode" />
			<parameter index="1" mappedName="orderServiceId" />
			<parameter index="2" mappedName="verificationCode" />
			<return-type componentType="java.lang.String" />
		</method>	
		<method name="renewal">
			<parameter index="0" mappedName="userCode" />
			<parameter index="1" mappedName="orderServiceId" />
			<parameter index="2" mappedName="hour" />
			<parameter index="3" mappedName="ticketCode" />
			<parameter index="4" mappedName="verificationCode" />
			<return-type componentType="java.lang.String" />
		</method>	
		<method name="checkService">
			<parameter index="0" mappedName="userCode" />
			<parameter index="1" mappedName="serType" />
			<parameter index="2" mappedName="stateType" />
			<parameter index="3" mappedName="verificationCode" />
			<return-type componentType="java.lang.String" />
		</method>		
		<method name="notifyService">
			<parameter index="0" mappedName="userCode" />
			<parameter index="1" mappedName="orderServiceId" />
			<parameter index="2" mappedName="verificationCode" />
			<return-type componentType="java.lang.String" />
		</method>							
	</mapping>
</mappings>
