<?xml version="1.0" encoding="utf-8"?>
<!DOCTYPE hibernate-mapping PUBLIC "-//Hibernate/Hibernate Mapping DTD 3.0//EN"
"http://hibernate.sourceforge.net/hibernate-mapping-3.0.dtd">
<!-- 
    Mapping file autogenerated by MyEclipse Persistence Tools
-->
<hibernate-mapping>
    <class name="com.bienCloud.cloudstore.po.TApp" table="t_app" catalog="platform">
        <id name="id" type="java.lang.Integer">
            <column name="id" />
            <generator class="identity" />
        </id>
        <many-to-one name="appHardware" class="com.bienCloud.cloudstore.po.TAppHardware" fetch="select">
            <column name="hardware_id">
                <comment>默认云空间类型</comment>
            </column>
        </many-to-one>
        <many-to-one name="user" class="com.bienCloud.platform.po.TUser" fetch="select">
            <column name="owner_id">
                <comment>应用所有者</comment>
            </column>
        </many-to-one>
        <many-to-one name="appCategory" class="com.bienCloud.cloudstore.po.TAppCategory" fetch="select">
            <column name="category_id" not-null="true">
                <comment>应用分类ID</comment>
            </column>
        </many-to-one>
        <property name="code" type="java.lang.String">
            <column name="code" length="80" not-null="true">
                <comment>云应用编号</comment>
            </column>
        </property>
        <property name="name" type="java.lang.String">
            <column name="name" length="80" not-null="true">
                <comment>应用名称</comment>
            </column>
        </property>
        <property name="total" type="java.lang.Double">
            <column name="total" precision="22" scale="0">
                <comment>金额</comment>
            </column>
        </property>
        <property name="partner" type="java.lang.String">
            <column name="partner" length="80" not-null="true">
                <comment>供货商</comment>
            </column>
        </property>
        <property name="link" type="java.lang.String">
            <column name="link" length="500">
                <comment>演示地址</comment>
            </column>
        </property>
        <property name="amount" type="java.lang.Integer">
            <column name="amount">
                <comment>购买次数</comment>
            </column>
        </property>
        <property name="isSale" type="java.lang.Boolean">
            <column name="is_sale" not-null="true">
                <comment>是否上架，默认值：不上架，0：不上架，1：上架</comment>
            </column>
        </property>
        <property name="sort" type="java.lang.Integer">
            <column name="sort">
                <comment>排序，0：升序，1：降序</comment>
            </column>
        </property>
        <property name="fee" type="java.lang.Integer">
            <column name="fee" precision="22" scale="0">
                <comment>代码授权费</comment>
            </column>
        </property>
        <property name="weight" type="java.lang.Integer">
            <column name="weight">
                <comment>权重</comment>
            </column>
        </property>
        <property name="details" type="java.lang.String">
            <column name="details" length="65535">
                <comment>详细描述</comment>
            </column>
        </property>
        <property name="addTime" type="java.sql.Timestamp">
            <column name="add_time" length="19">
                <comment>添加时间</comment>
            </column>
        </property>
        <property name="updateUser" type="java.lang.Integer">
            <column name="update_user">
                <comment>更新用户</comment>
            </column>
        </property>
        <property name="updateTime" type="java.sql.Timestamp">
            <column name="update_time" length="19">
                <comment>更新时间</comment>
            </column>
        </property>
        <property name="imageUrl" type="java.lang.String">
            <column name="image_url" length="500">
                <comment>默认图片地址</comment>
            </column>
        </property>
        <property name="useCount" type="java.lang.Integer">
            <column name="use_count">
                <comment>使用人数</comment>
            </column>
        </property>
        <property name="appNumber" type="java.lang.String">
            <column name="app_number" length="80">
                <comment>应用的标示，从app_types的接口中获取，只能包含cartridge和app_framework的类型</comment>
            </column>
        </property>
        <property name="snapshotUrl" type="java.lang.String">
            <column name="snapshot_url" length="500">
                <comment>快照地址，默认为\"\" ,(对应用户上传的应用，代码的快照由商城管理),由url地址为准\n</comment>
            </column>
        </property>
        <property name="snapshotName" type="java.lang.String">
            <column name="snapshot_name" length="80">
                <comment>应用名称，默认为\"\" ,(对应用户上传的应用，代码的快照由商城管理)\n</comment>
            </column>
        </property>
        <property name="depend" type="java.lang.String">
            <column name="depend" length="500">
                <comment>依赖，多个用逗号隔开，依赖包含\"mysql-5.1,mongodb-2.0,phpmyadmin-3.4,postgresql-8.4,cron-1.4\",(对应用户上传的应用，代码的快照由商城管理)</comment>
            </column>
        </property>
        <property name="type" type="java.lang.Integer">
            <column name="type">
                <comment>应用类型,0:平台提供的应用,1:开发者上传的应用</comment>
            </column>
        </property>
        <property name="state" type="java.lang.Integer">
            <column name="state">
                <comment>应用审批状态：0：未审批，1：已审批</comment>
            </column>
        </property>
        <property name="isDelete" type="java.lang.Integer">
            <column name="is_delete">
                <comment>记录状态标记，0：未删除，1：已删除</comment>
            </column>
        </property>
    </class>
</hibernate-mapping>
