<?xml version="1.0" encoding="utf-8"?>
<!DOCTYPE hibernate-mapping PUBLIC "-//Hibernate/Hibernate Mapping DTD 3.0//EN"
"http://hibernate.sourceforge.net/hibernate-mapping-3.0.dtd">
<!-- 
    Mapping file autogenerated by MyEclipse Persistence Tools
-->
<hibernate-mapping>
    <class name="com.bienCloud.cloudstore.po.TAppImage" table="t_app_image" catalog="platform">
        <id name="id" type="java.lang.Integer">
            <column name="id" />
            <generator class="identity" />
        </id>
        <many-to-one name="app" class="com.bienCloud.cloudstore.po.TApp" fetch="select">
            <column name="app_id" not-null="true">
                <comment>云应用id</comment>
            </column>
        </many-to-one>
        <property name="filename" type="java.lang.String">
            <column name="filename" length="80">
                <comment>文件名</comment>
            </column>
        </property>
        <property name="filepath" type="java.lang.String">
            <column name="filepath" length="500">
                <comment>路径</comment>
            </column>
        </property>
        <property name="thumb" type="java.lang.String">
            <column name="thumb" length="500">
                <comment>缩量图</comment>
            </column>
        </property>
        <property name="remote" type="java.lang.String">
            <column name="remote" length="80" />
        </property>
        <property name="isDefault" type="java.lang.Integer">
            <column name="is_default">
                <comment>是否默认图片</comment>
            </column>
        </property>
        <property name="number" type="java.lang.Integer">
            <column name="number">
                <comment>排序号</comment>
            </column>
        </property>
        <property name="image6" type="java.lang.String">
            <column name="image_6" length="500">
                <comment>图片6</comment>
            </column>
        </property>
        <property name="image7" type="java.lang.String">
            <column name="image_7" length="500" />
        </property>
        <property name="image8" type="java.lang.String">
            <column name="image_8" length="500">
                <comment>图片8</comment>
            </column>
        </property>
        <property name="image9" type="java.lang.String">
            <column name="image_9" length="500">
                <comment>图片9</comment>
            </column>
        </property>
        <property name="isDelete" type="java.lang.Integer">
            <column name="is_delete" />
        </property>
    </class>
</hibernate-mapping>
