<?xml version="1.0" encoding="utf-8"?>
<!DOCTYPE hibernate-mapping PUBLIC "-//Hibernate/Hibernate Mapping DTD 3.0//EN"
"http://hibernate.sourceforge.net/hibernate-mapping-3.0.dtd">
<!-- 
    Mapping file autogenerated by MyEclipse Persistence Tools
-->
<hibernate-mapping>
    <class name="com.bienCloud.cloudstore.po.TAppHardware" table="t_app_hardware" catalog="platform">
        <id name="id" type="java.lang.Integer">
            <column name="id" />
            <generator class="identity" />
        </id>
        <property name="code" type="java.lang.String">
            <column name="code" length="80" not-null="true">
                <comment>基础价格代码</comment>
            </column>
        </property>
        <property name="spaceType" type="java.lang.String">
            <column name="space_type" length="50" not-null="true">
                <comment>云空间类型，入门级，基础级，标准级，企业级，增强级，豪华级</comment>
            </column>
        </property>
        <property name="isSupport" type="java.lang.Boolean">
            <column name="is_support">
                <comment>FTP是否支持，默认是不支持的。0：不支持，1：支持</comment>
            </column>
        </property>
        <property name="disk" type="java.lang.String">
            <column name="disk" length="50">
                <comment>空间，默认值：100M</comment>
            </column>
        </property>
        <property name="dbDisk" type="java.lang.String">
            <column name="db_disk" length="50">
                <comment>MySQL数据库空间，默认值：50M</comment>
            </column>
        </property>
        <property name="runoff" type="java.lang.String">
            <column name="runoff" length="50">
                <comment>流量，单位为：流量/月，默认值：5G</comment>
            </column>
        </property>
        <property name="price" type="java.lang.Double">
            <column name="price" precision="22" scale="0" not-null="true">
                <comment>价格，单位为：元/月，默认值：6 （元/月）</comment>
            </column>
        </property>
        <property name="details" type="java.lang.String">
            <column name="details" length="65535">
                <comment>详细描述</comment>
            </column>
        </property>
        <many-to-one name="chargesItem" class="com.bienCloud.platform.po.TChargesItem">
        	<column name="item_id"></column>
        </many-to-one>
        <property name="isDelete" type="java.lang.Integer">
            <column name="is_delete">
                <comment>记录状态标记，0：未删除 1：删除</comment>
            </column>
        </property>
        <property name="gears" type="java.lang.String">
            <column name="gears" length="50">
                <comment>规格，分为3项，[["小","small"],["微型","micro"],["巨","huge"]]</comment>
            </column>
        </property>        
        <property name="distribution" type="java.lang.Integer">
            <column name="distribution" length="11">
                <comment>分布部署,分为3项，[["1","1"],["3","3"],["10","10"]]</comment>
            </column>
        </property>        
        <set name="TApps" inverse="true">
            <key>
                <column name="hardware_id">
                    <comment>默认云空间类型</comment>
                </column>
            </key>
            <one-to-many class="com.bienCloud.cloudstore.po.TApp" />
        </set>
    </class>
</hibernate-mapping>
