<?xml version="1.0" encoding="utf-8"?>
<!DOCTYPE hibernate-mapping PUBLIC "-//Hibernate/Hibernate Mapping DTD 3.0//EN"
"http://hibernate.sourceforge.net/hibernate-mapping-3.0.dtd">
<!-- 
    Mapping file autogenerated by MyEclipse Persistence Tools
-->
<hibernate-mapping>
    <class name="com.bienCloud.cloudstore.po.TAppSandbox" table="t_app_sandbox" catalog="platform">
        <id name="id" type="java.lang.Integer">
            <column name="id" />
            <generator class="identity" />
        </id>
        <property name="code" type="java.lang.String">
            <column name="code" length="80">
                <comment>沙盒依赖标识</comment>
            </column>
        </property>
        <property name="name" type="java.lang.String">
            <column name="name" length="80">
                <comment>沙盒名称</comment>
            </column>
        </property>
        <property name="description" type="java.lang.String">
            <column name="description" length="65535">
                <comment>沙盒描述</comment>
            </column>
        </property>
        <property name="isDelete" type="java.lang.Integer">
            <column name="is_delete" />
        </property>
    </class>
</hibernate-mapping>
