<?xml version="1.0" encoding="utf-8"?>
<!DOCTYPE hibernate-mapping PUBLIC "-//Hibernate/Hibernate Mapping DTD 3.0//EN"
"http://hibernate.sourceforge.net/hibernate-mapping-3.0.dtd">
<!-- 
    Mapping file autogenerated by MyEclipse Persistence Tools
-->
<hibernate-mapping>
    <class name="com.bienCloud.cloudstore.po.TAppSpecial" table="t_app_special">
        <id name="id" type="java.lang.Integer">
            <column name="id" />
            <generator class="identity" />
        </id>
        <property name="appId" type="java.lang.Integer">
            <column name="app_id" not-null="true">
                <comment>应用id</comment>
            </column>
        </property>
        <property name="type" type="java.lang.Integer">
            <column name="type">
                <comment>1:热门；2:本周推荐，3：用户推荐</comment>
            </column>
        </property>
        <property name="state" type="java.lang.Integer">
            <column name="state">
                <comment>状态，0正常；1已过期</comment>
            </column>
        </property>
    </class>
</hibernate-mapping>
