<?xml version="1.0" encoding="utf-8"?>
<!DOCTYPE hibernate-mapping PUBLIC "-//Hibernate/Hibernate Mapping DTD 3.0//EN"
"http://hibernate.sourceforge.net/hibernate-mapping-3.0.dtd">
<!-- 
    Mapping file autogenerated by MyEclipse Persistence Tools
-->
<hibernate-mapping>
    <class name="com.bienCloud.cloudstore.po.TAppCategory" table="t_app_category" catalog="platform">
        <id name="id" type="java.lang.Integer">
            <column name="id" />
            <generator class="identity" />
        </id>
        <property name="code" type="java.lang.String">
            <column name="code" length="80" not-null="true">
                <comment>分类代码</comment>
            </column>
        </property>
        <property name="name" type="java.lang.String">
            <column name="name" length="80" not-null="true">
                <comment>分类名称</comment>
            </column>
        </property>
        <property name="details" type="java.lang.String">
            <column name="details" length="65535">
                <comment>分类描述</comment>
            </column>
        </property>
        <property name="isDelete" type="java.lang.Integer">
            <column name="is_delete">
                <comment>记录状态标记，0：未删除 1：删除</comment>
            </column>
        </property>
        <set name="TApps" inverse="true">
            <key>
                <column name="category_id" not-null="true">
                    <comment>应用分类ID</comment>
                </column>
            </key>
            <one-to-many class="com.bienCloud.cloudstore.po.TApp" />
        </set>
    </class>
</hibernate-mapping>
