<?xml version="1.0" encoding="utf-8"?>
<!DOCTYPE hibernate-mapping PUBLIC "-//Hibernate/Hibernate Mapping DTD 3.0//EN"
"http://hibernate.sourceforge.net/hibernate-mapping-3.0.dtd">
<!-- 
    Mapping file autogenerated by MyEclipse Persistence Tools
-->
<hibernate-mapping>
    <class name="com.bienCloud.cloudstore.po.TAppFramework" table="t_app_framework" catalog="platform">
        <id name="id" type="java.lang.Integer">
            <column name="id" />
            <generator class="identity" />
        </id>
        <property name="code" type="java.lang.String">
            <column name="code" length="80">
                <comment>应用标识</comment>
            </column>
        </property>
        <property name="name" type="java.lang.String">
            <column name="name" length="80">
                <comment>应用名称</comment>
            </column>
        </property>
        <property name="sequence" type="java.lang.Integer">
            <column name="sequence">
                <comment>应用序列</comment>
            </column>
        </property>
        <property name="note" type="java.lang.String">
            <column name="note" length="65535">
                <comment>应用说明</comment>
            </column>
        </property>
        <property name="textFile" type="java.lang.String">
            <column name="text_file" length="65535">
                <comment>应用参数</comment>
            </column>
        </property>
        <property name="type" type="java.lang.String">
            <column name="type" length="80">
                <comment>应用框架类型::cartridge,app_framework,app</comment>
            </column>
        </property>
        <property name="isDelete" type="java.lang.Integer">
            <column name="is_delete">
                <comment>删除标识（0：未删除，1：删除）</comment>
            </column>
        </property>
    </class>
</hibernate-mapping>
