<beans xmlns="http://www.springframework.org/schema/beans"
	xmlns:xsi="http://www.w3.org/2001/XMLSchema-instance" xmlns:aop="http://www.springframework.org/schema/aop"
	xsi:schemaLocation="http://www.springframework.org/schema/aop http://www.springframework.org/schema/aop/spring-aop-3.0.xsd   
    http://www.springframework.org/schema/beans 
    http://www.springframework.org/schema/beans/spring-beans-3.0.xsd">
    
    <!--应用管理 -->
	<bean name="appAction" class="com.bienCloud.cloudstore.action.AppAction"
		scope="prototype" parent="baseAction">
		<property name="appService" ref="appService"/>
		<property name="appCategoryService" ref="appCategoryService" />
		<property name="appHardwareService" ref="appHardwareService" />
	</bean>
	<!--应用分类管理 -->
	<bean name="appCategoryAction" class="com.bienCloud.cloudstore.action.AppCategoryAction"
		scope="prototype" parent="baseAction">
		<property name="appCategoryService" ref="appCategoryService" />
	</bean>
	<!-- 图片管理 -->
	<bean name="appImageAction" class="com.bienCloud.cloudstore.action.AppImageAction" scope="prototype" parent="baseAction">
	    <property name="appImageService" ref="appImageService" />
	</bean>
	<bean name="downloadAction" class="com.bienCloud.cloudstore.action.DownloadAction" scope="prototype" parent="baseAction"/>
	
	 <!--首页 -->
	<bean name="storeIndexAction" class="com.bienCloud.cloudstore.action.IndexAction"
		scope="prototype" parent="baseAction">
		<property name="indexService">
			<ref bean="storeIndexService" />
		</property>
	</bean>

</beans>
