<?xml version="1.0" encoding="UTF-8"?>
<beans xmlns="http://www.springframework.org/schema/beans"
	xmlns:xsi="http://www.w3.org/2001/XMLSchema-instance"
	xsi:schemaLocation="http://www.springframework.org/schema/beans http://www.springframework.org/schema/beans/spring-beans-3.0.xsd http://www.springframework.org/schema/jee http://www.springframework.org/schema/jee/spring-jee-3.0.xsd">

	<!--应用管理-->
	<bean name="appService" class="com.bienCloud.cloudstore.service.impl.AppServiceImpl" autowire="byName">
		<property name="commonDao" ref="commonDao" />
		<property name="invokewsService" ref="invokewsService" />
	</bean>
    <!--应用分类管理-->
	<bean name="appCategoryService" class="com.bienCloud.cloudstore.service.impl.AppCategoryServiceImpl" autowire="byName">
		<property name="commonDao" ref="commonDao" />
	</bean>
	<!-- 空间类型 -->
	<bean name="appHardwareService" class="com.bienCloud.cloudstore.service.impl.AppHardwareServiceImpl" autowire="byName">
		<property name="commonDao" ref="commonDao" />
	</bean>
	<!-- 图片管理 -->
	<bean name="appImageService" class="com.bienCloud.cloudstore.service.impl.AppImageServiceImpl" autowire="byName">
		<property name="commonDao" ref="commonDao" />
	</bean>
	
	<!--首页service-->
	<bean name="storeIndexService" class="com.bienCloud.cloudstore.service.impl.IndexServiceImpl" autowire="byName">
		<property name="commonDao" ref="commonDao" />
	</bean>
	
</beans>
