<?xml version="1.0" encoding="UTF-8" ?>
<!DOCTYPE struts PUBLIC
        "-//Apache Software Foundation//DTD Struts Configuration 2.0//EN"
        "http://struts.apache.org/dtds/struts-2.0.dtd">

<struts>
    <package name="cloudstore" namespace="/cloudstore/admin" extends="struts-default">
        <!-- app management -->
      	<action name="appList" class="appAction"  method="appList">
            <result>/jsp/cloudstore/admin/appList.jsp</result>            
        </action>
      	<action name="goAddApp" class="appAction"  method="goAddApp">
            <result>/jsp/cloudstore/admin/addApp.jsp</result>            
        </action>        
      	<action name="addApp" class="appAction"  method="addApp">
            <result>/jsp/cloudstore/admin/addApp.jsp</result>            
        </action>   
      	<action name="goEditApp" class="appAction"  method="goEditApp">
            <result>/jsp/cloudstore/admin/editApp.jsp</result>            
        </action>        
      	<action name="editApp" class="appAction"  method="editApp">
            <result>/jsp/cloudstore/admin/editApp.jsp</result>            
        </action>
      	<action name="deleteApp" class="appAction"  method="deleteApp">
            <result>/jsp/cloudstore/admin/appList.jsp</result>            
        </action>
      	<action name="checkAppList" class="appAction"  method="checkAppList">
            <result>/jsp/cloudstore/admin/appList.jsp</result>            
        </action>    
      	<action name="validateAppCode" class="appAction"  method="validateAppCode" />
      	<action name="validateAppName" class="appAction"  method="validateAppName"/>
      	<action name="updateAppFrameworkSandbox" class="appAction"  method="updateAppFrameworkSandbox"/>
      	<action name="approve" class="appAction"  method="approve"/>
      	<action name="unApprove" class="appAction"  method="unApprove"/>
      	<!-- CKEditor image upload -->
      	<action name="ckEditorUploadImage" class="appAction"  method="ckEditorUploadImage">
      	    <result>/jsp/cloudstore/admin/ckEditorUploadImage.jsp</result>
      	</action>
      	
      	<!-- 软件包上传 -->
      	<action name="goAppPackage" class="appAction"  method="goAppPackage">
            <result>/jsp/cloudstore/admin/appPackage.jsp</result>            
        </action>
        <action name="uploadAppPackage" class="appAction" method="uploadAppPackage">
		<interceptor-ref name="fileUpload">
			<!-- appPackage maxSize 100M -->
			<param name="maximumSize">10000000000</param>
		</interceptor-ref>
		<interceptor-ref name="defaultStack" />
		<result name="input">/jsp/cloudstore/admin/appPackage.jsp</result>
		<result name="success">/jsp/cloudstore/admin/appPackage.jsp</result>
        </action>		
      	<action name="deleteAppPackage" class="appAction"  method="deleteAppPackage">
            <result>/jsp/cloudstore/admin/appPackage.jsp</result>            
        </action>		
        <action name="uploadCKEditorImage" class="appAction" method="uploadCKEditorImage">
		<interceptor-ref name="fileUpload">
			<param name="allowedTypes">image/bmp,image/png,image/gif,image/jpg,image/jpeg,image/pjpeg,image/x-png</param>
			<!-- image maxSize 10M -->
			<param name="maximumSize">10000000</param>
		</interceptor-ref>
		<interceptor-ref name="defaultStack" />
		<result name="input">/jsp/cloudstore/admin/ckEditorUploadImage.jsp</result>
		<result name="success">/jsp/cloudstore/admin/ckEditorUploadImage.jsp</result>
	   </action>
	   	   
	         	
      	<!-- 购买并安装应用 -->
      	<action name="createTemplateApp" class="appAction"  method="createTemplateApp"/>
      	<action name="validateAppUrlName" class="appAction"  method="validateAppUrlName"/>
      	<action name="validateAppDomain" class="appAction"  method="validateAppDomain"/>
      	<action name="getAppDomain" class="appAction"  method="getAppDomain"/>
        <action name="getDomainSuffix" class="appAction"  method="getDomainSuffix"/>
        <action name="isLogin" class="appAction"  method="isLogin"/>
        
        
        <!-- app category management -->
        <action name="appCategoryList" class="appCategoryAction"  method="appCategoryList">
            <result>/jsp/cloudstore/admin/appCategoryList.jsp</result>            
        </action>
      	<action name="goAddAppCategory" class="appCategoryAction"  method="goAddAppCategory">
            <result>/jsp/cloudstore/admin/addAppCategory.jsp</result>            
        </action>        
      	<action name="addAppCategory" class="appCategoryAction"  method="addAppCategory">
            <result>/jsp/cloudstore/admin/addAppCategory.jsp</result>            
        </action>   
      	<action name="goEditAppCategory" class="appCategoryAction"  method="goEditAppCategory">
            <result>/jsp/cloudstore/admin/editAppCategory.jsp</result>            
        </action>        
      	<action name="editAppCategory" class="appCategoryAction"  method="editAppCategory">
            <result>/jsp/cloudstore/admin/editAppCategory.jsp</result>            
        </action>
      	<action name="deleteAppCategory" class="appCategoryAction"  method="deleteAppCategory">
            <result>/jsp/cloudstore/admin/appCategoryList.jsp</result>            
        </action>
      	<action name="checkAppCategoryList" class="appCategoryAction"  method="checkAppCategoryList">
            <result>/jsp/cloudstore/admin/appCategoryList.jsp</result>            
        </action>                       
        <action name="validateAppCategoryCode" class="appCategoryAction"  method="validateAppCategoryCode" />
      	<action name="validateAppCategoryName" class="appCategoryAction"  method="validateAppCategoryName" />
      	<!-- appImages -->
        <action name="goAppImage" class="appImageAction"  method="goAppImage">
            <result>/jsp/cloudstore/admin/image.jsp</result>            
        </action>
        <action name="deleteAppImage" class="appImageAction"  method="deleteAppImage">
            <result>/jsp/cloudstore/admin/image.jsp</result>
        </action>
        <action name="setDefaultAppImage" class="appImageAction"  method="setDefaultAppImage"/>
        <action name="uploadPictureFile" class="appImageAction" method="doUploadPicture">
		<interceptor-ref name="fileUpload">
			<param name="allowedTypes">image/bmp,image/png,image/gif,image/jpg,image/jpeg,image/pjpeg,image/x-png</param>
			<!-- image maxSize 10M -->
			<param name="maximumSize">10000000</param>
		</interceptor-ref>
		<interceptor-ref name="defaultStack" />
		<result name="input">/jsp/cloudstore/admin/image.jsp</result>
		<result name="success">/jsp/cloudstore/admin/image.jsp</result>
	   </action>
    </package>

	<package name="store" namespace="/" extends="struts-default">
		<action name="cloudstore" class="storeIndexAction" method="index">
			<result>/jsp/cloudstore/index.jsp</result>
		</action>

		<action name="appInfo" class="storeIndexAction" method="appInfo">
			<result>/jsp/cloudstore/detail.jsp</result>
		</action>

		<!-- 文件下载 -->
		<action name="download" class="downloadAction">
			<result name="success" type="stream">
				<!-- 指定下载文件的内容类型，text/plain是默认类型 -->
				 <param name="contentType">application/octet-stream</param>
				<!-- inputName默认值是inputStream，如果action中用于读取下载文件内容的属性名是inputStream，那么可以省略这个参数 -->
				<param name="inputName">inputStream</param>
				<!--动态获取文件名，从Action中的取得filename -->
				<param name="contentDisposition">
					attachment;filename="${filename}"
				</param>
				<param name="bufferSize">4096</param>
			</result>
		</action>
	</package>
</struts>
