<?xml version="1.0" encoding="UTF-8"?>

<!DOCTYPE beans PUBLIC "-//SPRING//DTD BEAN//EN"

    "http://www.springframework.org/dtd/spring-beans.dtd">

<beans>

    <!-- 引入XFire预配置信息 -->

    <import resource="classpath:org/codehaus/xfire/spring/xfire.xml" />

    <!-- 使用XFire导出器 -->

    <bean id="baseWebService" class="org.codehaus.xfire.spring.remoting.XFireExporter" lazy-init="false" abstract="true">
       <!-- 引用xfire.xml中定义的工厂 -->
       <property name="serviceFactory" ref="xfire.serviceFactory" />
       <!-- 引用xfire.xml中的xfire实例 -->
       <property name="xfire" ref="xfire" />
       
    </bean>

    <!-- 定义访问的url-->

    <bean class="org.springframework.web.servlet.handler.SimpleUrlHandlerMapping">
       <property name="urlMap" > 
           <map> 
              <entry key="/service/pay.ws">
                  <ref bean="payWs" />
              </entry> 
              <entry key="/service/permission.ws">
                  <ref bean="permissionWs" />
              </entry> 
              <entry key="/service/company.ws">
                  <ref bean="companyWs" />
              </entry> 
           </map>
       </property> 
        
    </bean>   

    <!-- 定义webservice接口 -->
    <!-- 支付接口 -->
    <bean id="payWs" parent="baseWebService">
       <!-- 业务服务bean,serviceClass的实现类 -->
       <property name="serviceBean" ref="payWebservice" />
       <!-- 业务服务bean的窄接口类 -->
       <property name="serviceClass" value="com.bienCloud.platform.webservice.PayWebservice" />
       
    </bean>
    
    <!-- 权限接口 -->
    <bean id="permissionWs" parent="baseWebService">
       <!-- 业务服务bean,serviceClass的实现类 -->
       <property name="serviceBean" ref="permissionWebservice" />
       <!-- 业务服务bean的窄接口类 -->
       <property name="serviceClass" value="com.bienCloud.platform.webservice.PermissionWebservice" />
       
    </bean>
      
    <!-- 公司接口 -->
    <bean id="companyWs" parent="baseWebService">
       <!-- 业务服务bean,serviceClass的实现类 -->
       <property name="serviceBean" ref="companyWebservice" />
       <!-- 业务服务bean的窄接口类 -->
       <property name="serviceClass" value="com.bienCloud.platform.webservice.CompanyWebservice" />
       
    </bean>

</beans>

