<beans xmlns="http://www.springframework.org/schema/beans"
	xmlns:xsi="http://www.w3.org/2001/XMLSchema-instance" xmlns:aop="http://www.springframework.org/schema/aop"
	xsi:schemaLocation="http://www.springframework.org/schema/aop http://www.springframework.org/schema/aop/spring-aop-3.0.xsd   
    http://www.springframework.org/schema/beans 
    http://www.springframework.org/schema/beans/spring-beans-3.0.xsd">
    
    
    
    <bean name="systemAction" class="com.bienCloud.platform.action.SystemAction"
		scope="prototype" parent="baseAction">
		<property name="sysService">
			<ref bean="sysService" />
		</property>
	</bean>
    <!--登录 -->
	<bean name="loginAction" class="com.bienCloud.platform.action.LoginAction"
		scope="prototype" parent="baseAction">
		<property name="loginService">
			<ref bean="loginService" />
		</property>
		<property name="userPermissionService">
			<ref bean="userPermissionService" />
		</property>
		<aop:scoped-proxy/>
	</bean>

	<bean name="userAction" class="com.bienCloud.platform.action.UserAction"
		scope="prototype" parent="baseAction">
		<property name="userService">
			<ref bean="userService" />
		</property>
	</bean>

	<bean name="companyAction" class="com.bienCloud.platform.action.CompanyAction"
		scope="prototype" parent="baseAction">
		<property name="companyService">
			<ref bean="companyService" />
		</property>
	</bean>

	<bean name="userOrderAction" class="com.bienCloud.platform.action.UserOrderAction"
		scope="prototype" parent="baseAction">
		<property name="userOrderS">
			<ref bean="userOrderService" />
		</property>		
	</bean>
	
	<bean name="accountAction" class="com.bienCloud.platform.action.AccountAction"
		scope="prototype" parent="baseAction">
		<property name="accountService">
			<ref bean="accountService" />
		</property>
	</bean>

	<bean name="chargeAction" class="com.bienCloud.platform.action.ChargeAction"
		scope="prototype" parent="baseAction">
		<property name="chargeService">
			<ref bean="chargeService" />
		</property>
	</bean>

	<bean name="bankInterfaceAction" class="com.bienCloud.platform.action.BankInterfaceAction"
		scope="prototype" parent="baseAction">
        <property name="bankInterfaceService">
			<ref bean="bankInterfaceService" />
		</property>		
	</bean>

	<bean name="tradeRecordAction" class="com.bienCloud.platform.action.TradeRecordAction"
		scope="prototype" parent="baseAction">
        <property name="tradeRecordService">
			<ref bean="tradeRecordService" />
		</property>		
	</bean>
 
	<bean name="oweRecordAction" class="com.bienCloud.platform.action.OweRecordAction"
		scope="prototype" parent="baseAction">
        <property name="oweRecordService">
			<ref bean="oweRecordService" />
		</property>		
	</bean>	
	
	
	
	<!--支付 -->
	<bean name="payAction" class="com.bienCloud.platform.action.PayAction"	scope="prototype" parent="baseAction">
		<property name="paymentService">
			<ref bean="paymentService" />
		</property>
	</bean>
 
	
	<bean name="activityDetailAction" class="com.bienCloud.platform.action.ActivityDetailAction"
		scope="prototype" parent="baseAction">
        <property name="activityDetailService">
			<ref bean="activityDetailService" />
		</property>		
	</bean>	
 
 
	<bean name="signUpAction" class="com.bienCloud.platform.action.SignUpAction"
		scope="prototype" parent="baseAction">
		<property name="userService">
			<ref bean="userService" />
		</property>
		<property name="companyService">
			<ref bean="companyService" />
		</property>
		<property name="emailService">
			<ref bean="emailService" />
		</property>
	</bean>

	<bean name="afterSignUpAction" class="com.bienCloud.platform.action.AfterSignUpAction"
		scope="prototype" parent="baseAction">
		<property name="userService">
			<ref bean="userService" />
		</property>
		<property name="emailService">
			<ref bean="emailService" />
		</property>
	</bean>

	<bean name="captchaAction" class="com.bienCloud.platform.action.CaptchaAction" scope="prototype"
		parent="baseAction">
	</bean>

	<bean name="logAction" class="com.bienCloud.platform.action.LogAction"
		scope="prototype" parent="baseAction">
		<property name="logService">
			<ref bean="logService" />
		</property>
	</bean>

	<bean name="permissionAction" class="com.bienCloud.platform.action.PermissionAction"
		scope="prototype" parent="baseAction">
		<property name="userPermissionService">
			<ref bean="userPermissionService" />
		</property>
	</bean>

</beans>
