<?xml version="1.0" encoding="UTF-8"?>
<beans xmlns="http://www.springframework.org/schema/beans"
	xmlns:xsi="http://www.w3.org/2001/XMLSchema-instance" xmlns:p="http://www.springframework.org/schema/p"
	xsi:schemaLocation="http://www.springframework.org/schema/beans http://www.springframework.org/schema/beans/spring-beans-3.0.xsd">

	<!--Spring Quartz定时器配置 -->
	<bean name="job" class="org.springframework.scheduling.quartz.JobDetailBean">
	    <property name="jobClass">
			<value>com.bienCloud.platform.service.impl.TaskScanServiceImpl</value>
		</property>
		<property name="jobDataAsMap">
			<map>
				<entry key="timeout">
					<!-- 容器启动10秒钟后调用 -->
					<value>10</value>
				</entry>
				<entry key="commonDao" value-ref="commonDao" />
				<entry key="emailService" value-ref="emailService" />
				<entry key="invokewsService" value-ref="invokewsService" />
				<entry key="userService" value-ref="userService"/>
				
			</map>
		</property>
	</bean>
	
	
	<bean id="cronTrigger" class="org.springframework.scheduling.quartz.CronTriggerBean">
		<property name="jobDetail">
			<ref bean="job" />
		</property>
		<property name="cronExpression">
			<!-- 每天凌晨运行 -->
			<value>0 0 0 * * ?</value>
		</property>
	</bean>
	
	
	<bean class="org.springframework.scheduling.quartz.SchedulerFactoryBean">
		<property name="triggers">
			<list>
				<ref local="cronTrigger" />
			</list>
		</property>
	</bean>

</beans>