<?xml version="1.0" encoding="UTF-8"?>
<beans xmlns="http://www.springframework.org/schema/beans"
	xmlns:xsi="http://www.w3.org/2001/XMLSchema-instance"
	xsi:schemaLocation="http://www.springframework.org/schema/beans http://www.springframework.org/schema/beans/spring-beans-2.0.xsd">

	<bean id="payWebservice" class="com.bienCloud.platform.webservice.impl.PayWebserviceImpl" autowire="byName">
	    <property name="payService" ref="payService" />
	</bean>
	
	<bean id="permissionWebservice" class="com.bienCloud.platform.webservice.impl.PermissionWebserviceImpl" autowire="byName">
	    <property name="userPermissionService" ref="userPermissionService" />
	</bean>
	 
	<bean id="companyWebservice" class="com.bienCloud.platform.webservice.impl.CompanyWebserviceImpl" autowire="byName">
	    <property name="companyService" ref="companyService" />
	</bean>
	
</beans>
