<?xml version="1.0" encoding="UTF-8"?>
<beans xmlns="http://www.springframework.org/schema/beans"
	xmlns:xsi="http://www.w3.org/2001/XMLSchema-instance"
	xsi:schemaLocation="http://www.springframework.org/schema/beans http://www.springframework.org/schema/beans/spring-beans-3.0.xsd http://www.springframework.org/schema/jee http://www.springframework.org/schema/jee/spring-jee-3.0.xsd">


	<!--系统-->
	<bean name="sysService" class="com.bienCloud.platform.service.impl.SysServiceImpl" autowire="byName">
		<property name="commonDao" ref="commonDao" />
	</bean>
	<bean name="sysVariableUtil" class="com.bienCloud.core.utils.SystemVariableUtil" autowire="byName">
		<property name="commonDao" ref="commonDao" />
	</bean>
	<bean name="sysWsUtil" class="com.bienCloud.core.utils.SystemWsUtil" autowire="byName">
		<property name="commonDao" ref="commonDao" />
	</bean>	

	<!--登录-->
	<bean name="loginService" class="com.bienCloud.platform.service.impl.LoginServiceImpl" autowire="byName">
		<property name="commonDao" ref="commonDao" />
	</bean>
	 	
	<bean id="userService" class="com.bienCloud.platform.service.impl.UserServiceImpl" autowire="byName">
		<property name="commonDao" ref="commonDao" />
		<property name="accountService" ref="accountService" />
		<property name="invokewsService" ref="invokewsService" />
	</bean>

	<bean id="companyService" class="com.bienCloud.platform.service.impl.CompanyServiceImpl" autowire="byName">
		<property name="commonDao" ref="commonDao" />
		<property name="userService" ref="userService" />
		<property name="invokewsService" ref="invokewsService" />
		<property name="userPermissionService" ref="userPermissionService"/>
	</bean>
	
	<bean id="userOrderService" class="com.bienCloud.platform.service.impl.UserOrderServiceImpl" autowire="byName">
		<property name="commonDao" ref="commonDao" />
		<property name="chargeService" ref="chargeService"/>
		<property name="payService" ref="payService"/>
		<property name="invokewsService" ref="invokewsService"/>
	</bean>
		
	<bean id="accountService" class="com.bienCloud.platform.service.impl.AccountServiceImpl" autowire="byName">
		<property name="commonDao" ref="commonDao" />
		<property name="sequenceService" ref="sequenceService" />
	</bean>
	
	<bean id="paymentService" class="com.bienCloud.platform.service.impl.PaymentServiceImpl" autowire="byName">
		<property name="commonDao" ref="commonDao" />
		<property name="bankInterfaceService" ref="bankInterfaceService" />
	</bean>
	
	<bean id="chargeService" class="com.bienCloud.platform.service.impl.ChargeServiceImpl" autowire="byName">
		<property name="commonDao" ref="commonDao" />
	</bean>
	
	<bean id="bankInterfaceService" class="com.bienCloud.platform.service.impl.BankInterfaceServiceImpl" autowire="byName">
		<property name="commonDao" ref="commonDao" />
        <property name="configFileHomePath">
            <value>com/bienCloud/platform/config/bank</value>
        </property>
	</bean>	
	
	<bean id="tradeRecordService" class="com.bienCloud.platform.service.impl.TradeRecordServiceImpl" autowire="byName">
		<property name="commonDao" ref="commonDao" />
	</bean>	 

	<bean id="oweRecordService" class="com.bienCloud.platform.service.impl.OweRecordServiceImpl" autowire="byName">
		<property name="commonDao" ref="commonDao" />
	</bean>	 
	
	<bean id="activityDetailService" class="com.bienCloud.platform.service.impl.ActivityDetailServiceImpl" autowire="byName">
		<property name="commonDao" ref="commonDao" />
	</bean>	 	 
	
	<bean id="sequenceService" class="com.bienCloud.platform.service.impl.SequenceServiceImpl" autowire="byName" scope="singleton">
		<property name="commonDao" ref="commonDao" />
	</bean>
	
	<bean id="payService" class="com.bienCloud.platform.service.impl.PayServiceImpl" autowire="byName">
		<property name="commonDao" ref="commonDao" />
		<property name="userService" ref="userService"/>
		<property name="chargeService" ref="chargeService"/>
		<property name="appService" ref="appService"/>
	</bean>	
		
	<!-- PAAS and IAAS web service api invoke -->
	<bean id="invokewsService" class="com.bienCloud.platform.service.impl.InvokewsServiceImpl" autowire="byName" />
			 
  	<bean id="commonDao" class="com.bienCloud.dao.impl.commonDaoImpl" autowire="byName">
		<property name="sessionFactory" ref="sessionFactory" />
	</bean>	
	 
	 <bean id="emailService" class="com.bienCloud.platform.service.impl.EmailServiceImpl" autowire="byName"/>
	 
	 <bean id="logService" class="com.bienCloud.platform.service.impl.LogServiceImpl" autowire="byName">
		<property name="commonDao" ref="commonDao" />
	 </bean>
	
	<bean class="com.bienCloud.core.log.LogConfigInitializer">
		<property name="commonDao" ref="commonDao" />
		<property name="enabled">
			<value>false</value>
		</property>
	</bean>
	 
	<bean id="userPermissionService" class="com.bienCloud.platform.service.impl.UserPermissionServiceImpl">
		<property name="commonDao" ref="commonDao" />
		<property name="groupDao" ref="commonDao" />
		<property name="roleDao" ref="commonDao" />
		<property name="prmDao" ref="commonDao" />
		<property name="userService" ref="userService"/>
	</bean>
	
</beans>
