<?xml version="1.0" encoding="UTF-8" ?>
<!DOCTYPE struts PUBLIC
        "-//Apache Software Foundation//DTD Struts Configuration 2.0//EN"
        "http://struts.apache.org/dtds/struts-2.0.dtd">
<struts>
    <package name="platform" namespace="/admin" extends="struts-default">
        <action name="casLogin" class="loginAction"  method="casLogin">
            <result name="error">/login.jsp</result>
            <result >/layout.jsp</result>            
        </action>   
        
        <action name="uploadFile" class="loginAction"  method="uploadFile">            
            <result >uploadSucess.jsp</result>            
        </action> 
       <action name="goIndex" class="loginAction"  method="goIndex">
            <result name="error">/login.jsp</result>
            <result >/layout.jsp</result>            
        </action>        
        
        <action name="goMenu" class="loginAction"  method="goMenu">
            <result >/left.jsp</result>            
        </action> 
        <action name="goHead" class="loginAction"  method="goHead">
            <result >/head.jsp</result>            
        </action> 
        <action name="goMain" class="loginAction"  method="goMain">
            <result >/main.jsp</result>            
        </action> 
                  
        <!-- 系统action -->               
        <action name="systemConfig" class="systemAction"  method="systemConfig">
            <result>/jsp/admin/systemConfig.jsp</result>            
        </action>
        <action name="sysVariableList" class="systemAction"  method="sysVariableList">
            <result>/jsp/admin/sysVariableleList.jsp</result>            
        </action>
        <action name="sysVariableAdd" class="systemAction"  method="goSysVariableAdd">
            <result>/jsp/admin/sysVariableAdd.jsp</result>            
        </action>
         <action name="doSysVariableAdd" class="systemAction"  method="doSysVariableAdd">
            <result>/jsp/admin/sysVariableAdd.jsp</result>            
        </action>
        <action name="sysVariableEdit" class="systemAction"  method="goSysVariableEdit">
            <result>/jsp/admin/sysVariableEdit.jsp</result>            
        </action>
         <action name="doSysVariableEdit" class="systemAction"  method="doSysVariableEdit">
            <result>/jsp/admin/sysVariableEdit.jsp</result>            
        </action>
         <action name="sysVariableDelete" class="systemAction"  method="sysVariableDelete"/>
         <action name="sysVariableReload" class="systemAction"  method="sysVariableReload"/>
         
        <action name="apiList" class="systemAction"  method="apiList">
            <result>/jsp/admin/apiList.jsp</result>            
        </action>
        <action name="apiAdd" class="systemAction"  method="goApiAdd">
            <result>/jsp/admin/apiAdd.jsp</result>            
        </action>
         <action name="doApiAdd" class="systemAction"  method="doApiAdd">
            <result>/jsp/admin/apiAdd.jsp</result>            
        </action>
        <action name="apiEdit" class="systemAction"  method="goApiEdit">
            <result>/jsp/admin/apiEdit.jsp</result>            
        </action>
         <action name="doApiEdit" class="systemAction"  method="doApiEdit">
            <result>/jsp/admin/apiEdit.jsp</result>            
        </action>
         <action name="apiDelete" class="systemAction"  method="apiDelete"/>
         <action name="apiReload" class="systemAction"  method="apiReload"/>
        
        <!-- user management -->
      	<action name="userList" class="userAction"  method="userList">
            <result>/jsp/admin/userList.jsp</result>            
        </action>
        
        <action name="goAddUser" class="userAction"  method="goAddUser">
            <result>/jsp/admin/addUser.jsp</result>            
        </action>  
        
        <action name="addUser" class="userAction"  method="addUser">
            <result name="error">/jsp/admin/addUser.jsp</result>
            <result>/jsp/admin/userList.jsp</result>            
        </action>  
                
        <action name="validateUserCode" class="userAction"  method="validateUserCode">
            <result >/jsp/admin/addUser.jsp</result>
        </action> 
        
        <action name="validateEmail" class="userAction"  method="validateEmail">
            <result >/jsp/admin/addUser.jsp</result>
        </action>           
                
        <action name="goEditUser" class="userAction"  method="goEditUser">
            <result>/jsp/admin/editUser.jsp</result>            
        </action>  
                
        <action name="editUser" class="userAction"  method="doEditUser">
            <result>/jsp/admin/userList.jsp</result>            
        </action> 
        <action name="deleteUser" class="userAction"  method="doDeleteUser">
            <result>/jsp/admin/userList.jsp</result>            
        </action>      
        
        <action name="checkUserList" class="userAction"  method="checkUserList">
            <result>/jsp/admin/userList.jsp</result>            
        </action>

        <action name="goEditUserInfo" class="userAction"  method="goEditUserInfo">
            <result>/jsp/admin/editUserInfo.jsp</result>            
        </action>

        <action name="editUserInfo" class="userAction"  method="editUserInfo">
            <result>/jsp/admin/editUserInfoResult.jsp</result>            
        </action>                
                
        <action name="goChangePassword" class="userAction"  method="goChangePassword">
            <result>/jsp/admin/changePassword.jsp</result>            
        </action>                

        <action name="changePassword" class="userAction"  method="doChangePassword">
            <result>/jsp/admin/changePasswordResult.jsp</result>            
        </action>        
        <action name="userSelect" class="userAction"  method="userSelect">
            <result>/jsp/admin/userSelectList.jsp</result>            
        </action>
        
        <!-- company management -->
        <action name="companyList" class="companyAction"  method="companyList">
            <result>/jsp/admin/companyList.jsp</result>            
        </action>
        
        <action name="goAddCompany" class="companyAction"  method="goAddCompany">
            <result>/jsp/admin/addCompany.jsp</result>            
        </action>  
        
        <action name="addCompany" class="companyAction"  method="addCompany">
            <result name="error">/jsp/admin/addCompany.jsp</result>
            <result>/jsp/admin/companyList.jsp</result>            
        </action>  
        
        <action name="validateCompanyCode" class="companyAction"  method="validateCompanyCode">
            <result >/jsp/admin/addCompany.jsp</result>
        </action>  
        
        <action name="validateCompanyName" class="companyAction"  method="validateCompanyName" />
                
        <action name="goEditCompany" class="companyAction"  method="goEditCompany">
            <result>/jsp/admin/editCompany.jsp</result>            
            <result name="error">/jsp/admin/companyList.jsp</result>
        </action>  
                
        <action name="editCompany" class="companyAction"  method="doEditCompany">
            <result>/jsp/admin/companyList.jsp</result>            
        </action> 
        <action name="deleteCompany" class="companyAction"  method="doDeleteCompany">
            <result>/jsp/admin/companyList.jsp</result>            
        </action>      
        
        <action name="checkCompanyList" class="companyAction"  method="checkCompanyList">
            <result>/jsp/admin/companyList.jsp</result>            
        </action>

        <action name="selectCompany" class="companyAction"  method="selectCompany">
            <result>/jsp/admin/selectCompanyList.jsp</result>            
        </action>        
        
        <!-- userOrderService -->
        <action name="userOrderServiceList" class="userOrderAction"  method="userOrderServiceList">
            <result>/jsp/admin/userOrderServiceList.jsp</result>            
        </action>   
        <action name="orderServiceDetail" class="userOrderAction"  method="orderServiceDetail">
            <result>/jsp/admin/serviceDetail.jsp</result>            
        </action>   
        <action name="startApp" class="userOrderAction"  method="startApp"/>
        <action name="stopApp" class="userOrderAction"  method="stopApp"/>
        <action name="deleteApp" class="userOrderAction"  method="deleteApp"/>
        
         
        <action name="goServiceRenewal" class="userOrderAction"  method="goServiceRenewal">
            <result>/jsp/admin/renewal.jsp</result>            
        </action>
        <action name="doServiceRenewal" class="userOrderAction"  method="doServiceRenewal">
            <result>/jsp/admin/renewal.jsp</result>            
        </action>                        
        <action name="valuation" class="userOrderAction"  method="valuation">
            <result>/jsp/admin/renewal.jsp</result>            
        </action>                
        
       <!--收费项目  -->
       <action name="chargesItemList" class="chargeAction"  method="chargesItemList">
            <result>/jsp/admin/chargesItemList.jsp</result>            
        </action> 
        <action name="goAddChargesItem" class="chargeAction"  method="goAddChargesItem">
            <result>/jsp/admin/addChargesItem.jsp</result>            
        </action> 
          <action name="addChargesItem" class="chargeAction"  method="doAddChargesItem">
            <result>/jsp/admin/addChargesItem.jsp</result>            
        </action>   
        <action name="goEditChargesItem" class="chargeAction"  method="goEditChargesItem">
            <result>/jsp/admin/eidtChargesItem.jsp</result>  
        </action> 
         <action name="editChargesItem" class="chargeAction"  method="doEditChargesItem">
            <result>/jsp/admin/eidtChargesItem.jsp</result>            
        </action>  
         <action name="deleteChargesItem" class="chargeAction"  method="deleteChargesItem">
            <result>/jsp/admin/eidtChargesItem.jsp</result>            
        </action>  
   		<action name="selectChargesItemt" class="chargeAction"  method="selectChargesItemt">
            <result> /jsp/admin/selectChargesItemList.jsp</result>            
        </action>  
   		<action name="validateServiceCode" class="chargeAction"  method="validateServiceCode">
            <result> /jsp/admin/addChargesItem.jsp</result>            
        </action>  
   		<action name="validateItemName" class="chargeAction"  method="validateItemName">
            <result> /jsp/admin/addChargesItem.jsp</result>            
        </action>                  
        
       <!--收费策略  -->
       <action name="chargesStrategyList" class="chargeAction"  method="chargesStrategyList">
            <result>/jsp/admin/chargesStrategyList.jsp</result>      
                                        
        </action> 
        <action name="goAddChargesStrategy" class="chargeAction"  method="goAddChargesStrategy">
            <result>/jsp/admin/addChargesStrategy.jsp</result>            
        </action> 
          <action name="addChargesStrategy" class="chargeAction"  method="doAddChargesStrategy">
            <result>/jsp/admin/addChargesStrategy.jsp</result>            
        </action>   
        <action name="goEditChargesStrategy" class="chargeAction"  method="goEditChargesStrategy">
            <result>/jsp/admin/editChargesStrategy.jsp</result>  
        </action> 
         <action name="editChargesStrategy" class="chargeAction"  method="doEditChargesStrategy">
            <result>/jsp/admin/editChargesStrategy.jsp</result>            
        </action>  
         <action name="deleteChargesStrategy" class="chargeAction"  method="deleteChargesStrategy">
        </action>  
        
         <!--帐户 -->
         <action name="accountList" class="accountAction"  method="accountList">
            <result>/jsp/admin/accountList.jsp</result>            
        </action>
        <action name="goAddAccount" class="accountAction"  method="goAddAccount">
            <result>/jsp/admin/addAccount.jsp</result>            
        </action>
         <action name="addAccount" class="accountAction"  method="doAddAccount">
            <result>/jsp/admin/addAccount.jsp</result>            
        </action>
         <action name="freezeAccount" class="accountAction"  method="freezeAccount">  </action>
         
          <action name="goRecharge" class="accountAction"  method="goRecharge">
            <result>/jsp/admin/recharge.jsp</result>            
         </action>
         <!-- <action name="freezeAccount" class="accountAction"  method="freezeAccount">  </action> -->
         
         <action name="selectAccount" class="accountAction"  method="accountList">
            <result>/jsp/admin/selectAccountList.jsp</result>            
         </action>   
         
         <!--银行充值 -->
          <action name="reCharge" class="payAction"  method="reCharge"/>
         
         <action name="bankInterfaceList" class="bankInterfaceAction"  method="goBankConfig">
            <result>/jsp/admin/bankInterfaceList.jsp</result>            
         </action>   
 
         <!-- bank interface config -->
         <action name="addConfigFile" class="bankInterfaceAction"  method="addConfigFile">
            <result>/jsp/admin/addConfigFile2.jsp</result>            
         </action>                                                              
         <action name="configFileList" class="bankInterfaceAction"  method="configFileList">
            <result>/jsp/admin/configFileList.jsp</result>            
         </action>          
         <action name="goEditConfigFile" class="bankInterfaceAction"  method="goEditConfigFile">
            <result>/jsp/admin/editConfigFile.jsp</result>            
         </action>          
         <action name="editConfigFile" class="bankInterfaceAction"  method="editConfigFile">
            <result>/jsp/admin/editConfigFile.jsp</result>            
         </action>            
         <action name="goAddConfigFile" class="bankInterfaceAction"  method="goAddConfigFile">
            <result>/jsp/admin/addConfigFile2.jsp</result>            
         </action>          
         <action name="deleteConfigFile" class="bankInterfaceAction"  method="deleteConfigFile">
            <result>/jsp/admin/configFileList.jsp</result>            
         </action>        
         <!-- account centre -->
         <action name="tradeRecordList" class="tradeRecordAction"  method="tradeRecordList">
            <result>/jsp/admin/tradeRecordList.jsp</result>            
         </action>        
         <action name="checkTradeRecordList" class="tradeRecordAction"  method="checkTradeRecordList">
            <result>/jsp/admin/tradeRecordList.jsp</result>            
         </action>        
         <action name="activityDetailList" class="activityDetailAction"  method="activityDetailList">
            <result>/jsp/admin/activityDetailList.jsp</result>            
         </action>                              
         <action name="checkActivityDetailList" class="activityDetailAction"  method="checkActivityDetailList">
            <result>/jsp/admin/activityDetailList.jsp</result>            
         </action>   
         <action name="checkActivityDetailByTradeRecord" class="activityDetailAction"  method="checkActivityDetailByTradeRecord">
            <result>/jsp/admin/activityDetailList.jsp</result>            
         </action>            
         <action name="oweRecordList" class="oweRecordAction"  method="oweRecordList">
            <result>/jsp/admin/oweRecordList.jsp</result>            
         </action>            
         <action name="checkOweRecordList" class="oweRecordAction"  method="checkOweRecordList">
            <result>/jsp/admin/oweRecordList.jsp</result>            
         </action>           

		
      	<action name="logList" class="logAction"  method="goLogList">
            <result>/jsp/admin/selectLogList.jsp</result>            
        </action>
        <action name="goPersonalLogList" class="logAction"  method="goPersonalLogList">
            <result>/jsp/admin/selectPersonalLogList.jsp</result>            
        </action>        
        
      	<action name="userPermissionList" class="permissionAction"  method="goUserPermissionList">
            <result>/jsp/admin/editUserPermission.jsp</result>            
        </action>
        
      	<action name="goGroupList" class="permissionAction"  method="goGroupList">
            <result>/jsp/admin/editGroup.jsp</result>     
        </action>
        
      	<action name="goGroupUserList" class="permissionAction"  method="goGroupUserList">
            <result>/jsp/admin/editGroupUser.jsp</result>
        </action>
        
      	<action name="goRoleList" class="permissionAction"  method="goRoleList">
            <result>/jsp/admin/editRole.jsp</result>     
        </action>
        
      	<action name="goPermissionList" class="permissionAction"  method="goPermissionList">
            <result>/jsp/admin/editPermission.jsp</result>     
        </action>
        
      	<action name="getSubGroup" class="permissionAction"  method="getSubGroup" />
        
        <action name="validateGroupCode" class="permissionAction"  method="validateGroupCode" />
        
      	<action name="addGroup" class="permissionAction"  method="addGroup" />
        
      	<action name="updateGroup" class="permissionAction"  method="updateGroup" />
        
      	<action name="deleteGroup" class="permissionAction"  method="deleteGroup" />
      	
      	<action name="getGroupRoleList" class="permissionAction"  method="getGroupRoleList" />
      	
      	<action name="getGroupPermissionList" class="permissionAction"  method="getGroupPermissionList" />
      	
      	<action name="updateGroupRole" class="permissionAction"  method="updateGroupRole" />
      	
      	<action name="updateGroupPermission" class="permissionAction"  method="updateGroupPermission" />
        
      	<action name="addRole" class="permissionAction"  method="addRole" />
        
      	<action name="updateRole" class="permissionAction"  method="updateRole" />
        
      	<action name="deleteRole" class="permissionAction"  method="deleteRole" />
        
      	<action name="getPermission" class="permissionAction"  method="getPermission" />
        
      	<action name="addPermission" class="permissionAction"  method="addPermission" />
        
      	<action name="updatePermission" class="permissionAction"  method="updatePermission" />
        
      	<action name="deletePermission" class="permissionAction"  method="deletePermission" />
      	
      	<action name="getGroupUserList" class="permissionAction"  method="getGroupUserList" />
      	
      	<action name="getCompanyUserList" class="permissionAction"  method="getCompanyUserList" />
      	
      	<action name="updateGroupUser" class="permissionAction"  method="updateGroupUser" />
      	
      	<action name="updateCopyToGroupUser" class="permissionAction"  method="updateCopyToGroupUser" />
      	
      	<action name="updateMoveToGroupUser" class="permissionAction"  method="updateMoveToGroupUser" />
      	
      	<action name="deleteGroupUser" class="permissionAction"  method="deleteGroupUser" />
      	
      	
      	<action name="getUserRoleList" class="permissionAction"  method="getUserRoleList" />
      	
      	<action name="getUserPermissionList" class="permissionAction"  method="getUserPermissionList" />
      	
      	<action name="updateUserRole" class="permissionAction"  method="updateUserRole" />
      	
      	<action name="updateUserPermission" class="permissionAction"  method="updateUserPermission" />
      	
      	<action name="getRolePermissionList" class="permissionAction"  method="getRolePermissionList" />
      	
      	<action name="updateRolePermission" class="permissionAction"  method="updateRolePermission" />
      	
    </package>
</struts>
