<?xml version="1.0" encoding="UTF-8" ?>
<!DOCTYPE struts PUBLIC
        "-//Apache Software Foundation//DTD Struts Configuration 2.0//EN"
        "http://struts.apache.org/dtds/struts-2.0.dtd">

<struts>

    <package name="index" namespace="/" extends="struts-default">
         
		<!-- 注册 add by zxq -->
		<action name="goSignUp" class="signUpAction" method="goSignUp">
			<result>/jsp/signup/signUp.jsp</result>
		</action>
		<action name="signUp" class="signUpAction" method="doSignUp">
			<result name="error">/jsp/signup/signUp.jsp</result>
			<result name="success">/jsp/signup/afterSignUp.jsp</result>
		</action>
		<action name="signUpEmailValidation" class="signUpAction" method="validateEmail">
		</action>
		<action name="signUpCaptchaValidation" class="signUpAction" method="validateCaptcha">
		</action>
		<action name="signUpUserCodeValidation" class="signUpAction" method="validateCode">
		</action>
		<action name="signUpCompanyCodeValidation" class="signUpAction" method="validateCompanyCode">
		</action>
		<action name="validateComName" class="signUpAction" method="validateComName">
		</action>
		
		<action name="agreement" class="signUpAction" method="agreement">
			<result>/jsp/signup/agreement.jsp</result>
		</action>
		<action name="afterSignUp" class="afterSignUpAction">
			<result name="goLogin" type="redirect">
				/admin/casLogin.action
			</result>
			<result name="resend">
				/jsp/signup/afterSignUp.jsp
			</result>
			<!-- add by jzpang -->
			<result name="resendResetEmail">
				/jsp/signup/afterReset.jsp
			</result>
		</action>
		<action name="activate" class="afterSignUpAction" method="activate">
			<result name="activate">/jsp/signup/activate.jsp</result>
		</action>
		<action name="captcha" class="com.bienCloud.platform.action.CaptchaAction"
			method="createCaptcha">
			<result type="stream">
				<param name="contentType">image/jpeg</param>
				<param name="inputName">inputStream</param>
			</result>
		</action>
		
		
		<!-- 找回密码 add by jzpang -->
		<action name="goFindBackPasswd" class="signUpAction" method="goFindBackPasswd">
		    <result name="success">/jsp/signup/findBackPasswd.jsp</result>
		</action>
		<action name="doFindBackPasswd" class="signUpAction" method="doFindBackPasswd">
		    <result name="error">/jsp/signup/findBackPasswd.jsp</result>
		    <result name="success">/jsp/signup/afterReset.jsp</result>
		</action>		
		<action name="goResetPasswd" class="signUpAction" method="goResetPasswd">
		    <result name="success">/jsp/signup/resetPasswd.jsp</result>
		</action>
		<action name="doResetPasswd" class="signUpAction" method="doResetPasswd">
		    <result name="error">/jsp/signup/resetPasswd.jsp</result>
		    <result name="success">/jsp/signup/afterResetPasswd.jsp</result>
		</action>			
		<action name="resetPasswdCaptchaValidation" class="signUpAction" method="validateCaptcha" />
		<action name="resetPasswdUserCodeOrEmailValidation" class="signUpAction" method="resetValidateCodeOrEmail" />
		
		 
		 <!--登录退出 -->   		 
	  <action name="goLogin" class="loginAction"  method="goLogin" >
            <result>/login.jsp</result>            
       </action>    
       <action name="login" class="loginAction"  method="doLogin">
            <result name="error">/login.jsp</result>
            <result >/layout.jsp</result>            
        </action> 
        <action name="logout" class="loginAction"  method="logout">
            <result >/logout.jsp</result>            
        </action>   
        
		  <!--银行充值 -->         
          <action name="reCharge" class="payAction"  method="reCharge">
             <result>/jsp/admin/rechargeErrInfo.jsp</result>            
          </action>   
          
          <action name="alipaynotify" class="payAction"  method="alipayNotify">
             <result>/jsp/admin/rechargeErrInfo.jsp</result>            
          </action>   
           
          
          <action name="alipayreturn" class="payAction"  method="alipayReturn">
             <result>/jsp/admin/rechargeResult.jsp</result>            
          </action>
          
           <action name="tenPayNotify" class="payAction"  method="tenPayNotify">
             <result>/jsp/admin/rechargeResult.jsp</result>            
          </action>
          
          <action name="tenPayReturn" class="payAction"  method="tenPayReturn">
             <result>/jsp/admin/rechargeResult.jsp</result>            
          </action>
          
         
         <!-- 中小企业信息化平台首面 --> 
   		<action name="goDefault" class="loginAction"  method="goDefault" >
            <result>/default.jsp</result>            
        </action>  
        
    </package>

</struts>
