<?xml version="1.0" encoding="UTF-8"?>

<!-- - Application context definition for JPetStore's data access layer. 
	- Accessed by business layer objects defined in "applicationContext.xml" 
	- (see web.xml's "contextConfigLocation"). - - This version of the data access 
	layer works on a combined database, - using a local DataSource with DataSourceTransactionManager. 
	It does not - need any JTA support in the container: It will run as-is in 
	plain Tomcat. -->
<beans xmlns="http://www.springframework.org/schema/beans"
	xmlns:xsi="http://www.w3.org/2001/XMLSchema-instance" xmlns:aop="http://www.springframework.org/schema/aop"
	xsi:schemaLocation="http://www.springframework.org/schema/aop http://www.springframework.org/schema/aop/spring-aop-3.0.xsd   
    http://www.springframework.org/schema/beans  
    http://www.springframework.org/schema/beans/spring-beans-3.0.xsd"
	default-lazy-init="true">

	<!-- ========================= RESOURCE DEFINITIONS ========================= -->

	<!-- Local Apache Commons DBCP DataSource that refers to a combined database -->
	<!-- (see dataAccessContext-jta.xml for an alternative) -->
	<!-- The placeholders are resolved from jdbc.properties through -->
	<!-- the PropertyPlaceholderConfigurer in applicationContext.xml -->

	<bean id="propertyConfigurer"
		class="org.springframework.beans.factory.config.PropertyPlaceholderConfigurer">
		<property name="location">
			<value>classpath:/jdbc.properties</value>
		</property>
	</bean>
	<!-- 注入所有的spring配置文件 -->
	<import resource="classpath*:com/**/spring-*.xml" />

	<bean id="DataSource" class="org.apache.commons.dbcp.BasicDataSource"
		destroy-method="close">
		<property name="driverClassName" value="${jdbc.driverClassName}" />
		<property name="url" value="${jdbc.url}" />
		<property name="username" value="${jdbc.username}" />
		<property name="password" value="${jdbc.password}" />
		<property name="maxActive" value="30" />   <!--连接池的最大数据库连接数，设为0表示无限制 -->
		<property name="maxIdle" value="0" />   <!-- 数据库连接的最大空闲时间。超过此空闲时间，数据库连接将被标记为不可用，然后被释放。设为0表示无限制 -->
		<property name="maxWait" value="1000" />   <!-- 最大建立连接等待时间。如果超过此时间将接到异常。设为－1表示无限制 -->
		<property name="defaultAutoCommit" value="true" />   <!-- -->
		<property name="removeAbandoned" value="true" />   <!--回收被遗弃的（一般是忘了释放的）数据库连接到连接池中 -->
		<property name="removeAbandonedTimeout" value="30" />   <!--数据库连接过多长时间不用将被视为被遗弃而收回连接池中 -->
		<property name="logAbandoned" value="true" />  <!--将被遗弃的数据库连接的回收记入日志 -->
	</bean>

	<bean id="jdbcTemplate" class="org.springframework.jdbc.core.JdbcTemplate">
		<property name="dataSource">
			<ref bean="DataSource" />
		</property>
	</bean>

	<!-- Transaction manager for a single JDBC DataSource -->
	<!-- (see dataAccessContext-jta.xml for an alternative) -->

	<bean id="sessionFactory"
		class="org.springframework.orm.hibernate3.LocalSessionFactoryBean">
		<property name="dataSource">
			<ref bean="DataSource" />
		</property>
		<property name="hibernateProperties">
			<props>
				<prop key="hibernate.dialect">${hibernate.dialect}</prop>
				<prop key="hibernate.show_sql">true</prop>
				<!-- <prop key="hibernate.connection.autocommit">true</prop> -->
				<prop key="hibernate.connection.release_mode">
					auto
				</prop>
				<!-- <prop key="hibernate.format_sql">true</prop> -->
				<!-- auto to create tables -->
				<!-- <prop key="hibernate.hbm2ddl.auto">update</prop> -->
			</props>
		</property>

		<!-- 加载所有的hibernate的配置文件 -->
		<property name="mappingLocations">
			<list>
				<value>classpath:com/bienCloud/**/*.hbm.xml</value>
			</list>
		</property>
	</bean>
	
	<bean id="hibernateTemplate" class="org.springframework.orm.hibernate3.HibernateTemplate">
		<property name="sessionFactory">
			<ref bean="sessionFactory" />
		</property>
	</bean>
	
	<!-- 事务管理器 -->
	<bean id="transactionManager"
		class="org.springframework.orm.hibernate3.HibernateTransactionManager">
		<property name="sessionFactory" ref="sessionFactory" />
	</bean>

	<!-- 事务拦截器 -->
	<bean id="transactionInterceptor"
		class="org.springframework.transaction.interceptor.TransactionInterceptor">
		<!-- 事务管理器 -->
		<property name="transactionManager" ref="transactionManager" />
		<property name="transactionAttributes">
			<props>
				<prop key="find*">PROPAGATION_REQUIRED,readOnly</prop>
				<prop key="get*">PROPAGATION_REQUIRED,readOnly</prop>
				<prop key="load*">PROPAGATION_REQUIRED,readOnly</prop>
				<prop key="create*">PROPAGATION_REQUIRED,-WebserviceException,-BusinessException</prop>
				<prop key="delete*">PROPAGATION_REQUIRED,-WebserviceException,-BusinessException</prop>
				<prop key="update*">PROPAGATION_REQUIRED,-WebserviceException,-BusinessException</prop>
				<prop key="start*">PROPAGATION_REQUIRED,-WebserviceException,-BusinessException</prop>
				<prop key="cancel*">PROPAGATION_REQUIRED,-WebserviceException,-BusinessException</prop>
				<prop key="stop*">PROPAGATION_REQUIRED,-WebserviceException,-BusinessException</prop>
				<prop key="save*">PROPAGATION_REQUIRED,-WebserviceException,-BusinessException</prop>
				<prop key="add*">PROPAGATION_REQUIRED,-WebserviceException,-BusinessException</prop>
				<prop key="remove*">PROPAGATION_REQUIRED,-WebserviceException,-BusinessException</prop>
			</props>
		</property>
	</bean>

	<!-- 定义所有的BPO自动添加事务拦截器 -->
	<bean
		class="org.springframework.aop.framework.autoproxy.BeanNameAutoProxyCreator">
		<property name="beanNames">
			<list>
				<value>*Service</value>
			</list>
		</property>
		<property name="interceptorNames">
			<!-- 事务拦截器 -->
			<list>
				<value>transactionInterceptor</value>
				<!-- 异常处理拦截器,异常处理拦截器要在事务拦截器之后,因为可以会有数据库错误等事务相关的异常 -->
			</list>
		</property>
		<property name="order">
			<value>2</value>
		</property>
	</bean>

	<bean id="baseAction" class="com.bienCloud.core.action.BaseAction"
		abstract="true">
	</bean>

	<!-- AOP 系统日志管理 -->
	<bean id="actionInterceptor" class="com.bienCloud.core.log.ActionAdvice"></bean>
	<bean id="serviceInterceptor" class="com.bienCloud.core.log.ServiceAdvice"></bean>
	<bean id="exceptionInterceptor" class="com.bienCloud.core.log.ExceptionAdvice"></bean>
	<aop:config proxy-target-class="true">
		<aop:pointcut id="servicePointcut"
			expression="execution(* com.bienCloud..service..*.create*(..))||
			            execution(* com.bienCloud..service..*.add*(..))||
			            execution(* com.bienCloud..service..*.insert*(..))||
			            execution(* com.bienCloud..service..*.update*(..))||
			            execution(* com.bienCloud..service..*.edit*(..))||
			            execution(* com.bienCloud..service..*.delete*(..))||
			            execution(* com.bienCloud..service..*.save*(..))||
			            execution(* com.bienCloud..service..*.start*(..))||
			            execution(* com.bienCloud..service..*.cancel*(..))||
			            execution(* com.bienCloud..service..*.stop*(..))||
			            execution(* com.bienCloud..service..*.remove*(..))||
			            execution(* com.bienCloud..webservice..*.*(..))||
			            execution(* com.alipay..*.*(..))||
			            execution(* com.tenpay..*.*(..))" />
		<aop:pointcut id="exceptionPointcut"
			expression="execution(* com.bienCloud..action.*Action.*(..))" />
		<aop:aspect ref="serviceInterceptor" order="3">
			<aop:around pointcut-ref="servicePointcut" method="around" />
		</aop:aspect>
		<aop:aspect ref="exceptionInterceptor" order="1">
			<aop:after-throwing pointcut-ref="exceptionPointcut"
				throwing="throwable" method="afterThrowing" />
		</aop:aspect>
	</aop:config>
</beans>
