<?xml version="1.0" encoding="UTF-8" ?>  
<!DOCTYPE log4j:configuration SYSTEM "log4j.dtd">
<log4j:configuration xmlns:log4j="http://jakarta.apache.org/log4j/">
	<!-- 系统日志Appenders -->
	<!-- 输出到控制台中 -->
	<appender name="console" class="org.apache.log4j.ConsoleAppender">
		<param name="Target" value="System.out" />
		<layout class="org.apache.log4j.PatternLayout">
			<param name="ConversionPattern" value="%d{yyyy-MM-dd HH:mm:ss} %p [%c] - %m%n" />
		</layout>
	</appender>
	<!-- 输出到日志文件 每天一个日志 -->
	<appender name="file" class="org.apache.log4j.DailyRollingFileAppender">
		<param name="File" value="${webapp.root}/WEB-INF/logs/file.log" />
		<param name="DatePattern" value="'.'yyyy-MM-dd" />
		<layout class="org.apache.log4j.PatternLayout">
			<param name="ConversionPattern" value="%d{yyyy-MM-dd HH:mm:ss} %p [%c] - %m%n" />
		</layout>
	</appender>

	<!-- 业务日志Appenders -->
	<appender name="service_log" class="org.apache.log4j.DailyRollingFileAppender">
		<param name="File" value="${webapp.root}/WEB-INF/logs/service.log" />
		<param name="DatePattern" value="'.'yyyy-MM-dd" />
		<layout class="org.apache.log4j.PatternLayout">
			<param name="ConversionPattern" value="%m%n" />
		</layout>
	</appender>

	<!--- 异步记录日志，当日志达到缓存区大小时候执行所有包的appender -->
	<appender name="async_service_log" class="org.apache.log4j.AsyncAppender">
		<param name="BufferSize" value="1024" /><!-- 写入缓存，以Kb为单位，避免频繁写文件 -->
		<appender-ref ref="service_log" />
	</appender>

	<appender name="service_info_db" class="org.apache.log4j.jdbc.JDBCAppender">
		<param name="Threshold" value="INFO" />
		<param name="BufferSize" value="1024" /><!-- 写入缓冲，以Kb为单位，避免频繁写数据库 -->
		<param name="driver" value="com.mysql.jdbc.Driver" />
		<param name="URL"
			value="jdbc:mysql://192.168.0.163:3306/platform?useUnicode=true&amp;characterEncoding=UTF-8" />
		<param name="user" value="root" />
		<param name="password" value="root" />
		<param name="sql"
			value="INSERT INTO t_log(id, user, clazz, method, level, create_time, cost, detail)    
VALUES ('%X{id}', '%X{user}', '%X{class}', '%X{method}', '%X{level}', '%d{yyyy-MM-dd HH:mm:ss}', '%X{cost}', '%X{detail}')" />
	</appender>

	<!-- 系统日志Loggers -->
	<logger name="org.springframework">
		<level value="info" />
	</logger>

	<logger name="com.bienCloud.core.log.ActionAdvice">
		<level value="info" />
		<appender-ref ref="async_service_log" />
	</logger>

	<logger name="com.bienCloud.core.log.ServiceAdvice">
		<level value="info" />
		<appender-ref ref="async_service_log" />
		<appender-ref ref="service_info_db" />
	</logger>

	<logger name="com.bienCloud.core.log.ExceptionAdvice">
		<level value="info" />
		<appender-ref ref="async_service_log" />
		<appender-ref ref="service_info_db" />
	</logger>

	<logger name="org.apache">
		<level value="info" />
	</logger>

	<logger name="com.bienCloud">
		<level value="info" />
	</logger>

	<logger name="org.apache.log4j.jdbc.JDBCAppender">
		<level value="info" />
	</logger>

	<root>
		<priority value="info" />
		<appender-ref ref="console" />
		<appender-ref ref="file" />
	</root>
</log4j:configuration>  