<?xml version="1.0" encoding="UTF-8" ?>
<!DOCTYPE struts PUBLIC
    "-//Apache Software Foundation//DTD Struts Configuration 2.0//EN"
    "http://struts.apache.org/dtds/struts-2.0.dtd">

<struts>

    <constant name="struts.enable.DynamicMethodInvocation" value="false" />
    <constant name="struts.devMode" value="false" />
    <constant name="struts.objectFactory" value="spring" /> 
    <constant name="struts.multipart.saveDir" value="/tmp"></constant>
    
    <include file="com/bienCloud/platform/struts-index.xml"/>
    <include file="com/bienCloud/platform/struts-admin.xml"/>
    
    <!-- cloudstore -->
    <include file="com/bienCloud/cloudstore/struts-cloudstore-admin.xml"/>
    
</struts>
